Periodo,Ranking,Barrio,Estrenar,Index,Usado
may. 26,1,Puerto Madero,-,1.285.939,1.285.939
may. 26,2,Nuñez,1.039.890,951.766,939.840
may. 26,3,Palermo,1.056.327,943.809,931.278
may. 26,4,Belgrano,1.108.871,939.679,928.088
may. 26,5,Chacarita,986.021,922.792,912.053
may. 26,6,Coghlan,993.260,903.204,880.048
may. 26,7,Colegiales,1.004.692,900.993,891.213
may. 26,8,Villa Urquiza,1.006.096,900.881,882.104
may. 26,9,Saavedra,925.534,900.483,894.605
may. 26,10,Recoleta,955.490,888.666,884.154
may. 26,11,Villa Crespo,988.749,879.044,862.824
may. 26,12,Villa Ortuzar,-,869.459,850.365
may. 26,13,Agronomía,-,861.264,844.620
may. 26,14,Almagro,952.797,854.213,844.800
may. 26,15,Parque Chas,-,853.308,850.896
may. 26,16,Villa Devoto,1.029.132,851.853,827.858
may. 26,17,Caballito,923.729,844.887,837.560
may. 26,18,Villa Pueyrredon,-,822.123,814.773
abr. 26,1,Puerto Madero,-,1.381.761,1.381.761
abr. 26,2,Palermo,1.006.153,930.005,922.260
abr. 26,3,Nuñez,1.025.906,929.613,921.584
abr. 26,4,Belgrano,1.082.649,926.370,914.107
abr. 26,5,Chacarita,960.048,893.043,884.895
abr. 26,6,Coghlan,-,891.486,864.294
abr. 26,7,Colegiales,994.023,888.288,877.502
abr. 26,8,Saavedra,954.621,886.531,869.777
abr. 26,9,Villa Urquiza,1.003.567,883.856,863.660
abr. 26,10,Recoleta,915.382,875.174,872.562
abr. 26,11,Villa Crespo,1.009.589,867.800,844.822
abr. 26,12,Parque Chas,-,860.761,855.921
abr. 26,13,Agronomía,-,852.666,838.113
abr. 26,14,Villa Ortuzar,-,839.851,827.477
abr. 26,15,Almagro,923.613,836.470,828.254
abr. 26,16,Villa Devoto,991.591,831.093,814.707
abr. 26,17,Caballito,915.262,829.180,821.163
abr. 26,18,Villa Pueyrredon,-,821.669,813.462
mar. 26,1,Puerto Madero,-,1.358.875,1.358.875
mar. 26,2,Nuñez,1.059.367,915.379,904.316
mar. 26,3,Palermo,957.962,911.708,907.698
mar. 26,4,Belgrano,977.426,894.440,885.743
mar. 26,5,Saavedra,972.365,881.873,860.463
mar. 26,6,Colegiales,997.376,880.280,868.303
mar. 26,7,Chacarita,983.382,870.213,854.225
mar. 26,8,Coghlan,-,865.785,849.027
mar. 26,9,Villa Urquiza,978.189,863.444,849.780
mar. 26,10,Recoleta,919.856,860.673,857.071
mar. 26,11,Parque Chas,-,858.265,841.173
mar. 26,12,Villa Crespo,1.012.779,852.891,827.558
mar. 26,13,Agronomía,-,837.930,829.057
mar. 26,14,Villa Ortuzar,-,831.072,832.432
mar. 26,15,Villa Devoto,999.004,820.937,797.294
mar. 26,16,Almagro,896.685,820.264,812.089
mar. 26,17,Villa Pueyrredon,-,809.936,808.828
mar. 26,18,Caballito,886.917,802.220,794.378
feb. 26,1,Puerto Madero,-,1.322.428,1.326.473
feb. 26,2,Palermo,956.161,891.258,885.825
feb. 26,3,Nuñez,982.817,878.433,870.649
feb. 26,4,Saavedra,932.912,857.721,842.562
feb. 26,5,Belgrano,921.991,855.825,849.467
feb. 26,6,Colegiales,977.146,852.348,844.548
feb. 26,7,Chacarita,963.599,847.049,832.343
feb. 26,8,Coghlan,-,843.613,831.883
feb. 26,9,Villa Urquiza,932.350,842.089,832.370
feb. 26,10,Recoleta,920.821,833.444,827.341
feb. 26,11,Villa Crespo,947.075,832.124,816.471
feb. 26,12,Parque Chas,-,817.506,803.415
feb. 26,13,Villa Ortuzar,-,812.085,810.271
feb. 26,14,Villa Devoto,1.035.026,803.205,775.933
feb. 26,15,Almagro,887.771,796.610,787.427
feb. 26,16,Villa Pueyrredon,-,791.450,792.747
feb. 26,17,Agronomía,-,781.190,766.373
feb. 26,18,Retiro,899.851,774.369,767.316
ene. 26,1,Puerto Madero,-,1.240.723,1.264.921
ene. 26,2,Palermo,945.323,858.364,850.728
ene. 26,3,Nuñez,915.555,845.352,838.880
ene. 26,4,Saavedra,897.568,829.316,812.122
ene. 26,5,Coghlan,-,829.054,818.198
ene. 26,6,Belgrano,979.519,822.894,813.302
ene. 26,7,Colegiales,926.834,815.688,810.342
ene. 26,8,Villa Urquiza,903.539,814.656,802.851
ene. 26,9,Chacarita,913.424,813.273,799.487
ene. 26,10,Villa Crespo,913.984,805.071,791.765
ene. 26,11,Recoleta,886.029,792.661,786.130
ene. 26,12,Parque Chas,-,783.548,776.422
ene. 26,13,Villa Devoto,988.045,781.278,761.221
ene. 26,14,Villa Ortuzar,-,771.032,763.450
ene. 26,15,Almagro,863.474,767.192,757.928
ene. 26,16,Caballito,877.507,754.615,742.656
ene. 26,17,Paternal,803.577,747.218,720.994
ene. 26,18,Agronomía,-,746.345,721.092
dic. 25,1,Puerto Madero,-,1.212.105,1.272.302
dic. 25,2,Nuñez,951.153,833.875,820.451
dic. 25,3,Palermo,909.666,831.201,823.802
dic. 25,4,Saavedra,898.836,812.792,787.697
dic. 25,5,Belgrano,915.449,803.986,796.972
dic. 25,6,Coghlan,-,799.510,790.682
dic. 25,7,Villa Urquiza,889.409,791.792,778.915
dic. 25,8,Colegiales,922.956,785.752,780.149
dic. 25,9,Chacarita,918.922,784.429,757.373
dic. 25,10,Villa Crespo,899.595,782.485,769.805
dic. 25,11,Parque Chas,-,772.716,760.975
dic. 25,12,Agronomía,-,770.443,749.123
dic. 25,13,Villa Devoto,938.490,767.174,747.482
dic. 25,14,Recoleta,860.507,761.928,755.431
dic. 25,15,Paternal,787.686,755.710,743.292
dic. 25,16,Almagro,808.747,741.536,734.109
dic. 25,17,Caballito,837.348,741.038,730.894
dic. 25,18,Villa Ortuzar,-,738.146,734.794
nov. 25,1,Puerto Madero,-,1.238.741,1.278.784
nov. 25,2,Nuñez,930.399,818.018,804.941
nov. 25,3,Palermo,901.301,814.676,805.488
nov. 25,4,Saavedra,902.937,810.669,777.645
nov. 25,5,Belgrano,846.271,785.054,781.064
nov. 25,6,Agronomía,-,782.069,757.769
nov. 25,7,Villa Urquiza,853.187,774.806,764.272
nov. 25,8,Villa Crespo,871.077,771.386,759.505
nov. 25,9,Coghlan,-,769.741,765.085
nov. 25,10,Parque Chas,799.834,769.382,758.600
nov. 25,11,Chacarita,901.458,766.563,731.724
nov. 25,12,Colegiales,927.859,764.760,757.509
nov. 25,13,Paternal,782.551,759.956,747.974
nov. 25,14,Villa Devoto,944.288,747.917,725.013
nov. 25,15,Recoleta,858.972,747.713,740.566
nov. 25,16,Caballito,809.219,731.863,722.766
nov. 25,17,Villa Ortuzar,-,725.051,724.745
nov. 25,18,Almagro,774.849,720.773,713.711
oct. 25,1,Puerto Madero,-,1.196.336,1.196.336
oct. 25,2,Saavedra,897.363,800.941,765.128
oct. 25,3,Nuñez,888.507,794.185,784.479
oct. 25,4,Palermo,896.447,788.408,777.706
oct. 25,5,Belgrano,851.133,768.043,761.901
oct. 25,6,Chacarita,868.351,764.096,734.116
oct. 25,7,Agronomía,-,756.934,720.344
oct. 25,8,Villa Urquiza,835.943,755.260,744.301
oct. 25,9,Villa Crespo,838.497,753.662,739.809
oct. 25,10,Parque Chas,763.079,751.683,747.344
oct. 25,11,Colegiales,926.686,750.568,739.357
oct. 25,12,Paternal,786.595,744.603,721.995
oct. 25,13,Coghlan,701.824,733.642,734.146
oct. 25,14,Recoleta,846.837,733.026,726.290
oct. 25,15,Villa Devoto,913.688,731.316,703.607
oct. 25,16,Villa Ortuzar,-,728.764,726.078
oct. 25,17,Villa del Parque,790.018,718.974,708.095
oct. 25,18,Caballito,784.361,716.655,708.969
sep. 25,1,Puerto Madero,-,1.177.143,1.180.246
sep. 25,2,Palermo,882.800,768.382,757.924
sep. 25,3,Nuñez,845.518,765.419,757.857
sep. 25,4,Saavedra,853.591,757.772,728.843
sep. 25,5,Belgrano,870.175,753.779,744.655
sep. 25,6,Chacarita,809.822,750.133,732.368
sep. 25,7,Paternal,775.108,739.389,718.500
sep. 25,8,Villa Urquiza,816.000,738.610,728.255
sep. 25,9,Colegiales,916.932,735.175,723.909
sep. 25,10,Villa Ortuzar,-,730.964,724.626
sep. 25,11,Agronomía,-,729.134,691.671
sep. 25,12,Villa Crespo,813.060,727.748,708.148
sep. 25,13,Coghlan,747.920,727.089,721.840
sep. 25,14,Villa Devoto,904.167,724.486,688.872
sep. 25,15,Recoleta,810.381,715.815,710.023
sep. 25,16,Parque Chas,728.398,715.245,715.272
sep. 25,17,Villa del Parque,783.365,712.045,694.670
sep. 25,18,Caballito,759.219,700.550,694.721
ago. 25,1,Puerto Madero,-,1.201.649,1.235.782
ago. 25,2,Palermo,857.470,753.093,743.429
ago. 25,3,Nuñez,825.244,745.656,734.746
ago. 25,4,Belgrano,865.617,737.168,726.398
ago. 25,5,Saavedra,836.450,728.873,704.278
ago. 25,6,Paternal,747.809,728.610,716.335
ago. 25,7,Coghlan,752.647,727.659,722.022
ago. 25,8,Villa Urquiza,791.649,727.062,719.284
ago. 25,9,Colegiales,914.319,725.730,710.904
ago. 25,10,Villa Devoto,892.913,713.356,680.425
ago. 25,11,Chacarita,746.458,712.144,698.206
ago. 25,12,Villa Ortuzar,-,706.571,700.879
ago. 25,13,Villa Crespo,792.258,706.146,681.907
ago. 25,14,Agronomía,-,703.478,683.095
ago. 25,15,Recoleta,768.529,697.084,691.964
ago. 25,16,Villa del Parque,756.806,695.014,672.960
ago. 25,17,Parque Chas,-,687.895,681.869
ago. 25,18,Caballito,756.075,687.102,681.214
jul 25,1,Puerto Madero,-,1.171.421,1.202.451
jul 25,2,Palermo,821.042,737.902,730.508
jul 25,3,Nuñez,830.105,734.243,721.213
jul 25,4,Saavedra,831.380,722.612,700.570
jul 25,5,Belgrano,838.198,722.581,711.897
jul 25,6,Colegiales,897.084,717.812,702.695
jul 25,7,Villa Urquiza,769.117,714.727,708.489
jul 25,8,Coghlan,760.457,712.060,701.514
jul 25,9,Chacarita,752.910,700.557,676.733
jul 25,10,Villa Devoto,851.691,698.423,676.002
jul 25,11,Paternal,710.848,698.062,689.162
jul 25,12,Parque Chas,755.148,688.682,665.907
jul 25,13,Villa Crespo,778.491,687.289,666.578
jul 25,14,Recoleta,738.795,678.119,673.837
jul 25,15,Caballito,747.679,671.906,664.355
jul 25,16,Villa del Parque,729.131,670.401,651.457
jul 25,17,Villa Ortuzar,-,665.855,664.583
jul 25,18,Almagro,721.846,662.500,654.423
jun 25,1,Puerto Madero,-,1.234.474,1.232.772
jun 25,2,Nuñez,836.185,726.487,713.971
jun 25,3,Palermo,789.017,724.740,719.302
jun 25,4,Saavedra,815.457,720.119,698.593
jun 25,5,Belgrano,803.567,708.022,699.657
jun 25,6,Coghlan,771.426,701.290,686.364
jun 25,7,Colegiales,822.674,698.829,688.810
jun 25,8,Villa Urquiza,747.965,697.509,690.035
jun 25,9,Chacarita,787.466,689.633,655.572
jun 25,10,Parque Chas,-,688.367,663.199
jun 25,11,Villa Devoto,795.614,670.647,654.250
jun 25,12,Villa Crespo,778.390,669.977,655.317
jun 25,13,Recoleta,712.476,669.389,666.823
jun 25,14,Villa Ortuzar,629.131,658.453,660.503
jun 25,15,Caballito,737.881,658.218,649.670
jun 25,16,Paternal,-,656.443,625.530
jun 25,17,Almagro,699.001,642.743,635.825
jun 25,18,Villa del Parque,701.832,637.650,622.322
may. 25,1,Puerto Madero,-,1.179.327,1.186.013
may. 25,2,Nuñez,840.304,726.085,710.301
may. 25,3,Saavedra,807.007,706.934,690.052
may. 25,4,Palermo,763.508,705.701,700.942
may. 25,5,Belgrano,763.928,690.725,684.888
may. 25,6,Coghlan,731.174,686.314,678.790
may. 25,7,Chacarita,789.819,684.435,646.566
may. 25,8,Villa Urquiza,742.701,683.877,674.943
may. 25,9,Colegiales,784.543,672.582,660.603
may. 25,10,Parque Chas,-,668.302,654.923
may. 25,11,Recoleta,695.289,660.733,658.688
may. 25,12,Villa Ortuzar,670.886,654.266,648.977
may. 25,13,Villa Crespo,747.824,650.867,639.237
may. 25,14,Villa Devoto,746.280,648.525,633.370
may. 25,15,Caballito,741.571,648.068,640.068
may. 25,16,Paternal,-,637.565,585.993
may. 25,17,Almagro,695.162,627.776,620.949
may. 25,18,Agronomía,-,625.920,610.491
abr 25,1,Puerto Madero,-,1.064.714,1.073.102
abr 25,2,Nuñez,826.519,706.681,690.179
abr 25,3,Palermo,742.677,685.310,680.236
abr 25,4,Saavedra,749.542,677.695,666.410
abr 25,5,Chacarita,725.127,672.816,650.088
abr 25,6,Belgrano,751.177,670.645,663.992
abr 25,7,Coghlan,683.440,668.411,667.614
abr 25,8,Villa Urquiza,734.994,666.726,658.353
abr 25,9,Colegiales,760.520,651.468,636.647
abr 25,10,Parque Chas,-,646.342,642.806
abr 25,11,Recoleta,681.885,644.111,641.599
abr 25,12,Caballito,719.852,633.633,626.693
abr 25,13,Villa Ortuzar,729.318,633.419,620.955
abr 25,14,Villa Crespo,735.067,632.853,619.137
abr 25,15,Villa Devoto,729.975,630.592,611.944
abr 25,16,Agronomía,-,621.492,608.196
abr 25,17,Almagro,691.805,613.744,605.836
abr 25,18,Villa Pueyrredon,-,608.047,604.594
mar. 25,1,Puerto Madero,-,1.065.853,1.065.853
mar. 25,2,Nuñez,778.705,677.233,662.461
mar. 25,3,Palermo,731.733,671.412,665.172
mar. 25,4,Saavedra,699.049,656.497,645.623
mar. 25,5,Coghlan,-,648.546,647.498
mar. 25,6,Belgrano,742.777,647.346,638.774
mar. 25,7,Chacarita,700.521,643.463,630.758
mar. 25,8,Villa Urquiza,722.345,637.778,629.746
mar. 25,9,Colegiales,747.704,631.922,617.963
mar. 25,10,Recoleta,681.062,630.411,627.052
mar. 25,11,Agronomía,-,628.580,623.615
mar. 25,12,Parque Chas,636.844,626.660,624.178
mar. 25,13,Villa Ortuzar,726.581,621.339,608.158
mar. 25,14,Villa Crespo,734.495,618.788,603.338
mar. 25,15,Caballito,677.738,610.313,605.148
mar. 25,16,Almagro,680.380,601.075,593.160
mar. 25,17,Villa Devoto,706.778,597.814,583.775
mar. 25,18,Barracas,682.970,597.416,571.994
feb. 25,1,Puerto Madero,-,994.694,989.820
feb. 25,2,Palermo,720.425,654.940,648.004
feb. 25,3,Nuñez,734.363,650.901,638.147
feb. 25,4,Saavedra,709.115,635.397,617.383
feb. 25,5,Coghlan,-,633.247,632.659
feb. 25,6,Parque Chas,676.658,627.752,612.027
feb. 25,7,Belgrano,732.572,627.708,618.878
feb. 25,8,Chacarita,723.557,616.551,595.685
feb. 25,9,Colegiales,708.532,614.668,605.410
feb. 25,10,Recoleta,669.846,614.419,611.174
feb. 25,11,Villa Urquiza,699.324,609.747,602.667
feb. 25,12,Villa Ortuzar,730.868,608.111,590.316
feb. 25,13,Villa Crespo,692.810,601.263,588.297
feb. 25,14,Almagro,648.896,587.024,580.852
feb. 25,15,Caballito,643.883,584.449,580.511
feb. 25,16,Villa Devoto,712.119,583.554,574.299
feb. 25,17,Agronomía,-,583.544,580.526
feb. 25,18,Retiro,584.808,571.703,570.774
ene 25,1,Puerto Madero,-,926.707,926.187
ene 25,2,Palermo,694.468,629.241,622.305
ene 25,3,Nuñez,723.675,626.602,614.625
ene 25,4,Parque Chas,666.548,616.358,601.705
ene 25,5,Coghlan,-,612.886,612.773
ene 25,6,Belgrano,726.447,610.074,600.951
ene 25,7,Saavedra,683.047,600.322,581.615
ene 25,8,Chacarita,723.836,599.721,578.970
ene 25,9,Colegiales,655.305,598.908,592.803
ene 25,10,Recoleta,647.696,592.899,589.745
ene 25,11,Villa Urquiza,661.554,590.503,584.502
ene 25,12,Villa Crespo,675.844,588.783,575.293
ene 25,13,Villa Devoto,687.333,577.607,565.711
ene 25,14,Paternal,-,575.713,566.281
ene 25,15,Villa Ortuzar,-,570.797,558.969
ene 25,16,Almagro,586.859,564.887,562.779
ene 25,17,Caballito,631.925,563.003,558.673
ene 25,18,San Telmo,-,555.807,546.397
dic. 24,1,Puerto Madero,-,941.093,952.118
dic. 24,2,Nuñez,704.709,613.414,600.938
dic. 24,3,Palermo,685.975,610.098,601.953
dic. 24,4,Belgrano,697.186,596.142,587.799
dic. 24,5,Colegiales,634.037,586.557,579.755
dic. 24,6,Villa Crespo,687.492,583.361,567.518
dic. 24,7,Villa Urquiza,633.760,581.052,576.402
dic. 24,8,Parque Chas,-,579.385,575.770
dic. 24,9,Coghlan,589.661,578.742,575.364
dic. 24,10,Recoleta,636.833,578.391,574.834
dic. 24,11,Chacarita,679.344,572.937,558.284
dic. 24,12,Saavedra,620.291,568.606,556.672
dic. 24,13,Villa Devoto,650.300,564.952,550.531
dic. 24,14,Almagro,561.922,551.089,549.686
dic. 24,15,Paternal,-,546.809,543.003
dic. 24,16,Caballito,624.895,546.595,542.515
dic. 24,17,Boedo,-,541.012,541.817
dic. 24,18,Retiro,607.432,539.910,533.627
nov. 24,1,Puerto Madero,-,962.726,941.603
nov. 24,2,Nuñez,697.008,603.036,589.960
nov. 24,3,Palermo,699.721,600.711,590.956
nov. 24,4,Belgrano,662.431,586.503,579.210
nov. 24,5,Colegiales,649.764,576.605,565.277
nov. 24,6,Villa Urquiza,636.550,574.004,566.431
nov. 24,7,Villa Crespo,675.941,573.302,555.914
nov. 24,8,Recoleta,613.877,567.081,564.647
nov. 24,9,Parque Chas,617.047,562.908,548.042
nov. 24,10,Saavedra,594.271,555.841,545.758
nov. 24,11,Coghlan,576.454,552.549,548.000
nov. 24,12,Villa Devoto,639.437,550.892,535.707
nov. 24,13,Chacarita,624.990,547.302,536.190
nov. 24,14,Almagro,568.346,540.949,537.463
nov. 24,15,Retiro,627.792,534.248,525.686
nov. 24,16,Caballito,592.080,530.115,526.350
nov. 24,17,Villa Ortuzar,-,526.878,529.249
nov. 24,18,Boedo,-,525.413,518.280
oct. 24,1,Puerto Madero,-,982.766,-
oct. 24,2,Nuñez,672.454,592.943,581.033
oct. 24,3,Palermo,683.617,588.461,580.196
oct. 24,4,Belgrano,657.038,570.858,562.132
oct. 24,5,Parque Chas,-,565.256,545.411
oct. 24,6,Colegiales,640.206,557.960,546.462
oct. 24,7,Villa Urquiza,633.492,554.932,545.144
oct. 24,8,Villa Crespo,654.592,552.956,535.946
oct. 24,9,Recoleta,593.133,552.761,550.751
oct. 24,10,Chacarita,594.430,552.502,545.761
oct. 24,11,Saavedra,593.920,546.199,533.787
oct. 24,12,Coghlan,566.874,535.757,529.376
oct. 24,13,Almagro,591.918,528.672,521.996
oct. 24,14,Retiro,626.932,524.961,515.258
oct. 24,15,Villa Devoto,623.457,524.225,508.351
oct. 24,16,Villa Ortuzar,-,523.978,526.020
oct. 24,17,Caballito,553.642,517.562,514.645
oct. 24,18,Parque Chacabuco,511.574,509.846,509.940
sep. 24,1,Puerto Madero,-,1.047.664,-
sep. 24,2,Nuñez,640.736,570.317,558.506
sep. 24,3,Palermo,659.751,569.212,562.797
sep. 24,4,Belgrano,675.029,552.763,542.062
sep. 24,5,Parque Chas,-,544.695,532.356
sep. 24,6,Chacarita,566.416,541.175,536.428
sep. 24,7,Recoleta,588.926,534.899,532.003
sep. 24,8,Villa Urquiza,628.140,531.429,522.375
sep. 24,9,Colegiales,604.444,531.275,522.123
sep. 24,10,Saavedra,580.335,529.743,517.556
sep. 24,11,Villa Crespo,647.844,529.540,515.010
sep. 24,12,Coghlan,568.006,525.068,516.788
sep. 24,13,Agronomía,-,516.175,485.520
sep. 24,14,Retiro,592.982,509.992,502.564
sep. 24,15,Almagro,585.331,506.311,499.530
sep. 24,16,Villa Ortuzar,-,503.185,497.444
sep. 24,17,Caballito,539.986,498.783,496.159
sep. 24,18,Villa Pueyrredon,-,497.185,491.941
ago. 24,1,Puerto Madero,-,1.019.112,-
ago. 24,2,Palermo,641.286,546.806,540.738
ago. 24,3,Nuñez,600.050,537.217,527.383
ago. 24,4,Belgrano,647.535,530.042,520.540
ago. 24,5,Chacarita,537.392,520.274,516.929
ago. 24,6,Saavedra,562.071,519.016,510.320
ago. 24,7,Recoleta,578.758,515.949,512.921
ago. 24,8,Colegiales,596.604,515.877,506.003
ago. 24,9,Villa Urquiza,601.140,511.845,502.988
ago. 24,10,Coghlan,552.700,510.434,505.315
ago. 24,11,Parque Chas,-,506.228,498.088
ago. 24,12,Villa Crespo,643.247,503.303,490.016
ago. 24,13,Retiro,570.812,493.504,488.087
ago. 24,14,Agronomía,-,482.390,450.189
ago. 24,15,San Telmo,-,479.830,479.752
ago. 24,16,Villa Ortuzar,-,479.752,470.429
ago. 24,17,Paternal,-,478.392,460.432
ago. 24,18,Almagro,543.499,478.368,471.901
jul. 24,1,Puerto Madero,-,958.337,-
jul. 24,2,Palermo,622.820,530.763,525.154
jul. 24,3,Nuñez,561.156,517.793,511.548
jul. 24,4,Colegiales,597.387,506.597,495.489
jul. 24,5,Belgrano,599.722,505.424,497.479
jul. 24,6,Saavedra,548.968,505.201,497.041
jul. 24,7,Chacarita,510.826,498.592,496.851
jul. 24,8,Parque Chas,-,495.068,482.292
jul. 24,9,Coghlan,517.233,494.132,490.498
jul. 24,10,Recoleta,551.357,493.906,491.197
jul. 24,11,Villa Urquiza,551.026,489.756,482.668
jul. 24,12,Villa Crespo,592.115,480.213,466.744
jul. 24,13,Retiro,571.587,471.775,466.356
jul. 24,14,Villa Ortuzar,-,466.658,464.109
jul. 24,15,San Telmo,-,466.077,462.898
jul. 24,16,Almagro,522.970,458.648,450.627
jul. 24,17,Paternal,-,456.737,429.084
jul. 24,18,Caballito,493.786,452.340,449.681
jun. 24,1,Puerto Madero,-,997.793,965.662
jun. 24,2,Palermo,604.755,516.957,511.535
jun. 24,3,Nuñez,555.612,506.335,501.376
jun. 24,4,Colegiales,598.811,496.296,480.250
jun. 24,5,Belgrano,593.807,493.382,484.502
jun. 24,6,Coghlan,511.863,482.954,473.727
jun. 24,7,Parque Chas,-,482.928,473.264
jun. 24,8,Saavedra,520.694,482.481,474.605
jun. 24,9,Recoleta,538.651,480.187,477.074
jun. 24,10,Chacarita,518.505,475.456,472.472
jun. 24,11,Villa Urquiza,531.536,475.065,467.728
jun. 24,12,Villa Crespo,540.345,468.368,453.118
jun. 24,13,Villa Ortuzar,-,452.708,454.804
jun. 24,14,Retiro,553.855,448.904,444.520
jun. 24,15,San Telmo,-,448.705,447.456
jun. 24,16,Almagro,515.883,447.873,440.237
jun. 24,17,Paternal,-,441.374,410.847
jun. 24,18,Villa Pueyrredon,521.553,439.461,436.298
may. 24,1,Puerto Madero,-,1.052.056,1.031.326
may. 24,2,Palermo,588.071,505.329,499.686
may. 24,3,Colegiales,613.075,491.794,468.707
may. 24,4,Nuñez,523.022,487.284,484.462
may. 24,5,Belgrano,569.504,481.859,474.750
may. 24,6,Coghlan,-,478.021,462.399
may. 24,7,Recoleta,536.814,474.744,471.377
may. 24,8,Villa Urquiza,523.089,466.948,459.320
may. 24,9,Chacarita,509.835,465.494,462.334
may. 24,10,Saavedra,483.520,462.626,456.802
may. 24,11,Villa Crespo,534.979,458.745,443.854
may. 24,12,Villa Ortuzar,-,445.866,442.498
may. 24,13,Parque Chas,-,445.600,443.217
may. 24,14,Almagro,499.358,442.977,436.367
may. 24,15,Paternal,-,438.238,400.769
may. 24,16,Retiro,515.746,437.761,432.624
may. 24,17,Villa Pueyrredon,484.471,434.932,424.845
may. 24,18,Caballito,479.592,428.279,423.037
abr 24,1,Puerto Madero,-,1.008.559,-
abr 24,2,Palermo,583.391,498.738,492.813
abr 24,3,Colegiales,613.159,481.285,457.193
abr 24,4,Nuñez,543.919,477.815,474.071
abr 24,5,Belgrano,549.017,472.247,466.237
abr 24,6,Recoleta,541.987,468.682,465.024
abr 24,7,Coghlan,-,465.246,453.103
abr 24,8,Chacarita,487.433,457.166,452.661
abr 24,9,Villa Urquiza,510.820,455.727,449.494
abr 24,10,Saavedra,473.498,448.138,441.881
abr 24,11,Villa Crespo,520.134,447.732,435.649
abr 24,12,Parque Chas,-,443.717,436.741
abr 24,13,Retiro,522.626,440.433,433.741
abr 24,14,Paternal,-,435.458,397.601
abr 24,15,Villa Ortuzar,-,433.572,425.023
abr 24,16,Villa Pueyrredon,497.164,431.965,413.516
abr 24,17,Almagro,487.125,430.774,424.830
abr 24,18,Agronomía,-,421.455,425.245
mar. 24,1,Palermo,607.735,497.645,490.461
mar. 24,2,Nuñez,597.912,476.741,468.985
mar. 24,3,Belgrano,556.608,471.623,463.707
mar. 24,4,Recoleta,558.748,467.420,463.642
mar. 24,5,Colegiales,586.646,463.342,442.508
mar. 24,6,Chacarita,493.848,458.679,452.813
mar. 24,7,Coghlan,-,456.568,449.722
mar. 24,8,Retiro,553.744,449.612,440.074
mar. 24,9,Villa Urquiza,494.037,445.035,439.604
mar. 24,10,Paternal,-,442.117,421.642
mar. 24,11,Parque Chas,-,441.824,436.868
mar. 24,12,Saavedra,478.670,439.972,432.174
mar. 24,13,Villa Crespo,525.891,435.687,424.746
mar. 24,14,Villa Pueyrredon,-,428.665,406.263
mar. 24,15,Villa Ortuzar,-,422.361,415.166
mar. 24,16,Almagro,482.836,415.760,410.069
mar. 24,17,Agronomía,-,414.124,-
mar. 24,18,Caballito,457.718,406.233,401.277
feb 24,1,Palermo,645.836,501.375,489.838
feb 24,2,Nuñez,614.249,478.920,468.282
feb 24,3,Belgrano,554.508,478.341,468.566
feb 24,4,Chacarita,501.750,470.621,461.777
feb 24,5,Recoleta,550.355,462.323,458.767
feb 24,6,Retiro,565.920,459.436,445.802
feb 24,7,Coghlan,-,448.953,438.183
feb 24,8,Saavedra,-,441.003,428.517
feb 24,9,Villa Urquiza,479.904,440.863,435.587
feb 24,10,Colegiales,600.873,440.630,423.398
feb 24,11,Paternal,-,428.790,-
feb 24,12,Villa Pueyrredon,-,424.073,390.657
feb 24,13,Villa Crespo,524.072,421.677,412.180
feb 24,14,Parque Chas,-,419.560,417.649
feb 24,15,Villa Ortuzar,-,408.600,406.138
feb 24,16,Almagro,475.899,407.038,401.246
feb 24,17,Caballito,455.923,399.588,393.964
feb 24,18,San Telmo,-,391.522,390.081
ene. 24,1,Palermo,626.572,508.160,495.893
ene. 24,2,Belgrano,592.840,497.300,482.068
ene. 24,3,Chacarita,-,492.018,473.082
ene. 24,4,Nuñez,-,486.712,475.121
ene. 24,5,Retiro,568.544,466.328,448.794
ene. 24,6,Recoleta,578.512,462.257,454.989
ene. 24,7,Villa Urquiza,509.860,450.036,440.567
ene. 24,8,Saavedra,-,445.375,413.330
ene. 24,9,Colegiales,593.485,437.649,418.706
ene. 24,10,Coghlan,-,437.485,427.113
ene. 24,11,Villa Ortuzar,-,414.078,412.303
ene. 24,12,San Telmo,-,406.527,389.782
ene. 24,13,Villa Crespo,-,406.223,393.590
ene. 24,14,Monserrat,-,399.991,392.632
ene. 24,15,Paternal,-,397.500,-
ene. 24,16,Caballito,471.305,395.763,387.158
ene. 24,17,Parque Chas,-,395.728,387.555
ene. 24,18,Almagro,502.045,394.644,378.093
dic. 23,1,Palermo,572.065,491.737,483.477
dic. 23,2,Belgrano,615.612,487.654,469.469
dic. 23,3,Nuñez,-,477.163,467.398
dic. 23,4,Chacarita,-,475.151,449.539
dic. 23,5,Retiro,-,458.284,449.561
dic. 23,6,Recoleta,587.796,450.766,440.137
dic. 23,7,Colegiales,-,446.072,418.620
dic. 23,8,Saavedra,-,436.812,382.473
dic. 23,9,Coghlan,-,425.754,414.897
dic. 23,10,Villa Urquiza,521.332,420.953,407.438
dic. 23,11,Villa Ortuzar,-,393.249,-
dic. 23,12,San Telmo,-,391.413,368.961
dic. 23,13,Parque Chas,-,384.767,-
dic. 23,14,Villa Crespo,-,382.801,369.227
dic. 23,15,Villa Devoto,-,375.432,352.105
dic. 23,16,Caballito,466.618,372.632,363.001
dic. 23,17,Parque Chacabuco,-,369.992,372.190
dic. 23,18,Monserrat,-,369.987,365.483
nov. 23,1,Palermo,492.487,426.861,422.155
nov. 23,2,Belgrano,553.181,426.028,415.213
nov. 23,3,Nuñez,-,416.735,410.468
nov. 23,4,Retiro,-,407.525,404.535
nov. 23,5,Colegiales,-,405.713,375.345
nov. 23,6,Saavedra,-,400.770,352.594
nov. 23,7,Recoleta,505.570,390.857,384.596
nov. 23,8,Villa Urquiza,469.732,377.385,363.436
nov. 23,9,Coghlan,-,375.465,-
nov. 23,10,Chacarita,-,373.830,362.982
nov. 23,11,Villa Luro,-,355.946,-
nov. 23,12,Villa Crespo,-,339.363,331.581
nov. 23,13,Parque Chacabuco,-,333.668,330.808
nov. 23,14,Almagro,-,330.166,322.466
nov. 23,15,Caballito,419.868,328.248,321.946
nov. 23,16,Villa Devoto,-,325.998,306.082
nov. 23,17,San Telmo,-,317.880,304.346
nov. 23,18,Villa Pueyrredon,-,302.000,292.684
oct. 23,1,Palermo,386.258,350.735,349.111
oct. 23,2,Belgrano,-,343.994,344.733
oct. 23,3,Nuñez,-,341.255,335.203
oct. 23,4,Colegiales,-,338.296,319.324
oct. 23,5,Villa Urquiza,361.301,332.206,325.697
oct. 23,6,Saavedra,-,321.656,295.848
oct. 23,7,Retiro,-,313.498,305.958
oct. 23,8,Recoleta,-,313.228,311.723
oct. 23,9,Villa Crespo,-,298.652,294.143
oct. 23,10,Caballito,369.122,292.104,287.215
oct. 23,11,Chacarita,-,288.237,286.592
oct. 23,12,Villa Devoto,-,285.059,273.776
oct. 23,13,Almagro,-,283.118,278.908
oct. 23,14,Parque Chacabuco,-,280.171,279.590
oct. 23,15,San Cristobal,-,257.099,247.105
oct. 23,16,Villa del Parque,-,255.639,254.183
oct. 23,17,Villa Pueyrredon,-,254.959,250.063
oct. 23,18,Flores,311.985,254.468,248.254
sep. 23,1,Nuñez,-,320.362,307.394
sep. 23,2,Palermo,347.895,300.732,298.258
sep. 23,3,Colegiales,-,291.229,283.729
sep. 23,4,Belgrano,-,280.679,282.987
sep. 23,5,Villa Urquiza,-,278.407,278.495
sep. 23,6,Villa Crespo,-,277.783,277.749
sep. 23,7,Recoleta,-,263.145,262.168
sep. 23,8,Retiro,-,259.273,248.726
sep. 23,9,Caballito,278.604,259.190,256.717
sep. 23,10,Chacarita,-,252.542,255.058
sep. 23,11,Saavedra,-,246.806,238.321
sep. 23,12,Almagro,-,246.047,244.133
sep. 23,13,Villa Devoto,-,243.057,242.280
sep. 23,14,Parque Chacabuco,-,241.432,243.237
sep. 23,15,Villa Gral Mitre,-,230.732,230.006
sep. 23,16,Villa Pueyrredon,-,230.168,230.168
sep. 23,17,San Cristobal,-,229.973,225.639
sep. 23,18,Villa del Parque,-,227.372,227.447
ago. 23,1,Nuñez,-,270.728,258.295
ago. 23,2,Coghlan,-,260.689,260.689
ago. 23,3,Palermo,322.472,260.146,256.319
ago. 23,4,Colegiales,-,242.102,238.976
ago. 23,5,Retiro,-,241.783,229.691
ago. 23,6,Villa Urquiza,259.704,240.786,235.344
ago. 23,7,Belgrano,-,238.809,236.022
ago. 23,8,Villa Crespo,-,237.901,236.113
ago. 23,9,Recoleta,-,233.126,230.261
ago. 23,10,Caballito,223.213,216.967,214.582
ago. 23,11,Almagro,-,214.636,213.001
ago. 23,12,Villa Pueyrredon,-,213.818,210.219
ago. 23,13,Saavedra,-,213.785,211.656
ago. 23,14,Chacarita,-,211.723,217.678
ago. 23,15,Parque Chacabuco,-,209.480,214.639
ago. 23,16,Villa Ortuzar,-,207.633,-
ago. 23,17,Villa del Parque,-,206.609,206.415
ago. 23,18,Villa Devoto,-,204.065,197.241
jul. 23,1,Palermo,273.184,226.114,222.232
jul. 23,2,Retiro,-,217.219,209.434
jul. 23,3,Nuñez,-,213.424,210.843
jul. 23,4,Belgrano,-,211.550,207.867
jul. 23,5,Villa Urquiza,250.973,209.107,199.085
jul. 23,6,Recoleta,-,206.112,202.196
jul. 23,7,Saavedra,-,203.419,199.224
jul. 23,8,Colegiales,-,202.470,202.074
jul. 23,9,Villa Crespo,-,196.693,193.114
jul. 23,10,Chacarita,-,189.621,189.621
jul. 23,11,Villa Ortuzar,-,187.717,193.624
jul. 23,12,Coghlan,-,184.221,186.168
jul. 23,13,Caballito,219.665,182.541,176.743
jul. 23,14,Villa del Parque,-,181.808,180.865
jul. 23,15,Almagro,-,180.237,175.448
jul. 23,16,Villa Devoto,-,174.920,163.166
jul. 23,17,Parque Chacabuco,-,170.746,174.281
jul. 23,18,Villa Pueyrredon,-,168.886,164.041
jun. 23,1,Palermo,267.801,205.483,200.644
jun. 23,2,Belgrano,-,188.066,186.002
jun. 23,3,Saavedra,-,186.891,185.650
jun. 23,4,Villa Urquiza,233.456,186.835,178.197
jun. 23,5,Recoleta,-,186.022,183.261
jun. 23,6,Colegiales,-,184.889,184.424
jun. 23,7,Nuñez,-,184.776,185.313
jun. 23,8,Retiro,-,180.245,176.703
jun. 23,9,Villa Ortuzar,-,180.052,188.129
jun. 23,10,Chacarita,-,176.408,178.947
jun. 23,11,Villa Crespo,-,169.065,167.121
jun. 23,12,Coghlan,-,167.960,169.907
jun. 23,13,Caballito,206.368,162.830,155.986
jun. 23,14,Almagro,-,156.829,153.205
jun. 23,15,Villa Devoto,-,156.438,147.385
jun. 23,16,Villa del Parque,-,156.246,153.409
jun. 23,17,Villa Luro,-,155.128,144.934
jun. 23,18,Villa Gral Mitre,-,153.069,151.327
may. 23,1,Palermo,240.493,186.288,182.557
may. 23,2,Recoleta,200.178,166.717,165.413
may. 23,3,Belgrano,198.600,165.720,163.447
may. 23,4,Saavedra,-,163.269,170.557
may. 23,5,Colegiales,-,162.603,161.447
may. 23,6,Villa Urquiza,203.203,161.343,155.370
may. 23,7,Villa Ortuzar,-,156.724,158.433
may. 23,8,Chacarita,-,155.703,160.195
may. 23,9,Coghlan,-,154.014,155.937
may. 23,10,Nuñez,-,152.434,151.832
may. 23,11,Boedo,-,151.039,134.095
may. 23,12,Villa Crespo,-,147.627,144.457
may. 23,13,Almagro,-,144.782,143.405
may. 23,14,Retiro,177.213,143.329,141.171
may. 23,15,Villa Gral Mitre,-,142.374,138.040
may. 23,16,Caballito,179.569,140.748,136.009
may. 23,17,Villa Luro,-,140.746,127.898
may. 23,18,San Cristobal,-,140.005,140.094
abr. 23,1,Palermo,181.744,165.061,163.779
abr. 23,2,Belgrano,172.362,152.104,148.846
abr. 23,3,Saavedra,-,150.131,158.009
abr. 23,4,Recoleta,166.293,146.066,145.476
abr. 23,5,Chacarita,-,145.413,143.317
abr. 23,6,Nuñez,-,144.836,142.393
abr. 23,7,Colegiales,-,143.779,141.624
abr. 23,8,Villa Ortuzar,-,141.914,137.420
abr. 23,9,Boedo,-,141.247,121.522
abr. 23,10,Villa Urquiza,182.331,140.887,135.289
abr. 23,11,Coghlan,-,137.401,137.813
abr. 23,12,San Cristobal,-,134.955,137.406
abr. 23,13,Retiro,158.428,134.432,128.224
abr. 23,14,Almagro,198.904,134.188,132.377
abr. 23,15,Villa Crespo,-,132.524,130.901
abr. 23,16,Santa Rita,125.594,123.414,120.374
abr. 23,17,Villa Pueyrredon,-,122.617,122.349
abr. 23,18,Villa Gral Mitre,-,122.504,119.912
mar. 23,1,Palermo,178.014,148.488,147.222
mar. 23,2,Chacarita,-,141.183,139.521
mar. 23,3,Villa Ortuzar,-,136.564,134.337
mar. 23,4,Nuñez,-,135.757,134.419
mar. 23,5,Belgrano,173.244,133.834,130.601
mar. 23,6,Colegiales,-,132.174,130.297
mar. 23,7,Parque Chas,-,131.605,-
mar. 23,8,Saavedra,-,131.549,131.981
mar. 23,9,Recoleta,165.799,130.787,129.587
mar. 23,10,Coghlan,-,125.912,123.600
mar. 23,11,Retiro,149.543,125.393,118.058
mar. 23,12,Villa Urquiza,164.433,124.001,118.780
mar. 23,13,Almagro,147.407,121.800,120.629
mar. 23,14,Villa Crespo,132.498,117.005,115.733
mar. 23,15,Villa Pueyrredon,-,114.151,114.308
mar. 23,16,Caballito,137.248,113.254,111.085
mar. 23,17,Villa del Parque,118.135,112.589,110.909
mar. 23,18,San Cristobal,-,112.350,114.196
feb. 23,1,Palermo,165.380,135.122,133.848
feb. 23,2,Chacarita,-,128.012,133.113
feb. 23,3,Nuñez,-,122.974,123.685
feb. 23,4,Colegiales,146.847,118.621,115.360
feb. 23,5,Recoleta,145.363,118.510,117.325
feb. 23,6,Coghlan,-,118.385,116.856
feb. 23,7,Belgrano,157.296,118.367,115.465
feb. 23,8,Parque Chas,-,117.594,-
feb. 23,9,Villa Ortuzar,-,115.109,113.863
feb. 23,10,Retiro,135.851,114.406,110.257
feb. 23,11,Villa Urquiza,146.878,114.315,111.214
feb. 23,12,Saavedra,-,112.692,109.756
feb. 23,13,Villa Crespo,149.383,108.939,107.435
feb. 23,14,Almagro,139.954,108.882,108.576
feb. 23,15,Santa Rita,116.562,106.518,98.089
feb. 23,16,Villa del Parque,112.782,105.970,102.829
feb. 23,17,Villa Pueyrredon,-,105.405,104.068
feb. 23,18,Caballito,130.235,104.450,102.361
ene. 23,1,Puerto Madero,-,208.625,-
ene. 23,2,Palermo,144.692,120.464,119.464
ene. 23,3,Nuñez,-,111.960,112.670
ene. 23,4,Chacarita,-,110.359,113.071
ene. 23,5,Recoleta,122.902,108.563,107.910
ene. 23,6,Colegiales,141.651,108.258,104.697
ene. 23,7,Villa Urquiza,131.675,107.712,105.037
ene. 23,8,Belgrano,132.219,107.258,105.019
ene. 23,9,Coghlan,-,106.820,104.952
ene. 23,10,Saavedra,124.197,104.536,98.339
ene. 23,11,Retiro,114.154,102.853,100.511
ene. 23,12,Villa Crespo,147.831,102.664,100.815
ene. 23,13,Villa Ortuzar,-,101.824,100.076
ene. 23,14,Boedo,-,100.311,96.272
ene. 23,15,Villa Pueyrredon,-,97.379,94.765
ene. 23,16,Santa Rita,106.501,95.639,88.036
ene. 23,17,Villa del Parque,105.614,95.449,90.974
ene. 23,18,Parque Chas,-,95.184,-
dic. 22,1,Puerto Madero,-,180.448,180.448
dic. 22,2,Palermo,149.194,111.656,109.475
dic. 22,3,Nuñez,94.498,106.790,106.549
dic. 22,4,Recoleta,119.004,102.965,102.348
dic. 22,5,Colegiales,123.158,102.179,100.420
dic. 22,6,Villa Ortuzar,-,100.148,97.533
dic. 22,7,Chacarita,-,100.015,97.971
dic. 22,8,Villa Urquiza,121.852,99.970,97.231
dic. 22,9,Belgrano,122.290,99.743,97.782
dic. 22,10,Villa Crespo,130.095,99.595,96.645
dic. 22,11,Coghlan,-,99.413,97.947
dic. 22,12,Saavedra,117.977,97.720,90.300
dic. 22,13,Boedo,-,97.121,91.291
dic. 22,14,Retiro,107.184,96.439,93.899
dic. 22,15,Villa Pueyrredon,-,92.473,91.420
dic. 22,16,Villa Gral Mitre,-,92.462,88.796
dic. 22,17,Villa Devoto,117.635,91.702,88.618
dic. 22,18,Almagro,102.663,89.915,88.194
nov 22,1,Puerto Madero,-,166.789,170.745
nov 22,2,Palermo,150.072,105.807,103.376
nov 22,3,Nuñez,116.287,105.170,103.751
nov 22,4,Villa Crespo,120.042,97.652,93.922
nov 22,5,Colegiales,113.134,97.145,94.060
nov 22,6,Belgrano,116.636,97.136,95.155
nov 22,7,Recoleta,116.138,96.529,95.861
nov 22,8,Villa Ortuzar,-,96.324,92.999
nov 22,9,Villa Urquiza,114.073,95.191,91.903
nov 22,10,Coghlan,-,94.788,92.587
nov 22,11,Chacarita,-,94.457,91.112
nov 22,12,Retiro,107.226,91.490,88.608
nov 22,13,Villa Gral Mitre,-,89.923,86.846
nov 22,14,Saavedra,-,89.661,84.826
nov 22,15,Parque Chas,-,89.255,-
nov 22,16,Villa Devoto,109.360,86.979,82.832
nov 22,17,Villa Pueyrredon,-,86.920,86.077
nov 22,18,Monte Castro,-,86.382,81.235
oct. 22,1,Puerto Madero,-,158.803,165.521
oct. 22,2,Palermo,150.389,100.859,98.336
oct. 22,3,Nuñez,111.914,100.219,99.156
oct. 22,4,Colegiales,116.974,94.068,89.294
oct. 22,5,Chacarita,-,93.813,91.859
oct. 22,6,Belgrano,111.091,93.216,91.168
oct. 22,7,Recoleta,109.495,90.788,89.961
oct. 22,8,Villa Crespo,116.410,90.604,86.725
oct. 22,9,Coghlan,-,89.644,84.636
oct. 22,10,Villa Ortuzar,-,89.476,87.248
oct. 22,11,Villa Urquiza,108.190,89.135,86.081
oct. 22,12,Parque Chas,-,87.327,-
oct. 22,13,Retiro,99.784,85.889,84.832
oct. 22,14,Saavedra,-,84.844,82.176
oct. 22,15,Villa Gral Mitre,-,82.979,81.300
oct. 22,16,Villa Pueyrredon,-,82.400,80.666
oct. 22,17,Villa Devoto,-,81.754,78.499
oct. 22,18,Santa Rita,93.773,80.982,74.417
sep. 22,1,Puerto Madero,-,155.688,153.760
sep. 22,2,Palermo,140.145,95.282,92.716
sep. 22,3,Nuñez,112.114,94.280,93.367
sep. 22,4,Colegiales,113.605,91.129,87.947
sep. 22,5,Belgrano,103.763,88.401,86.646
sep. 22,6,Chacarita,-,87.778,85.141
sep. 22,7,Recoleta,101.938,85.786,84.957
sep. 22,8,Villa Ortuzar,-,84.461,83.348
sep. 22,9,Saavedra,-,83.908,81.067
sep. 22,10,Villa Urquiza,101.121,82.841,81.370
sep. 22,11,Villa Crespo,111.317,82.677,79.116
sep. 22,12,Retiro,98.921,82.160,81.603
sep. 22,13,Parque Chas,-,81.086,-
sep. 22,14,Coghlan,-,80.948,77.156
sep. 22,15,Santa Rita,89.264,79.567,69.546
sep. 22,16,Villa Pueyrredon,-,79.319,76.702
sep. 22,17,Villa Devoto,-,77.910,75.173
sep. 22,18,Villa Gral Mitre,-,77.092,73.584
ago. 22,1,Puerto Madero,-,138.329,129.193
ago. 22,2,Palermo,123.855,89.894,87.600
ago. 22,3,Nuñez,107.997,88.794,87.479
ago. 22,4,Colegiales,-,85.149,82.109
ago. 22,5,Belgrano,101.059,82.818,81.164
ago. 22,6,Chacarita,-,80.222,77.733
ago. 22,7,Villa Ortuzar,-,79.841,78.855
ago. 22,8,Recoleta,98.143,78.716,77.893
ago. 22,9,Saavedra,-,78.372,75.623
ago. 22,10,Villa Urquiza,92.368,78.069,76.960
ago. 22,11,Parque Chas,-,77.561,77.775
ago. 22,12,Coghlan,-,76.695,76.034
ago. 22,13,Villa Crespo,118.868,76.319,72.841
ago. 22,14,Retiro,89.828,75.363,74.689
ago. 22,15,Villa Pueyrredon,-,73.719,72.194
ago. 22,16,Santa Rita,-,73.575,66.325
ago. 22,17,Almagro,90.377,73.363,71.469
ago. 22,18,Mataderos,-,73.248,-
jul. 22,1,Puerto Madero,-,128.607,121.081
jul. 22,2,Palermo,104.457,85.345,83.378
jul. 22,3,Nuñez,97.906,80.779,78.776
jul. 22,4,Colegiales,-,78.093,75.291
jul. 22,5,Belgrano,94.177,76.991,75.251
jul. 22,6,Coghlan,-,74.771,74.392
jul. 22,7,Chacarita,-,73.969,71.311
jul. 22,8,Recoleta,88.082,73.812,73.131
jul. 22,9,Villa Ortuzar,-,73.626,73.687
jul. 22,10,Villa Urquiza,85.344,73.550,72.147
jul. 22,11,Parque Chas,-,72.902,70.882
jul. 22,12,Villa Crespo,112.466,72.079,69.314
jul. 22,13,Saavedra,-,70.887,68.926
jul. 22,14,Retiro,77.800,70.495,70.046
jul. 22,15,Parque Chacabuco,-,67.785,65.031
jul. 22,16,San Telmo,-,66.883,63.739
jul. 22,17,Caballito,84.779,66.882,65.232
jul. 22,18,Almagro,85.417,66.647,65.193
jun. 22,1,Puerto Madero,148.646,130.993,125.360
jun. 22,2,Palermo,93.755,80.463,79.136
jun. 22,3,Nuñez,-,75.457,73.303
jun. 22,4,Colegiales,-,73.187,72.106
jun. 22,5,Belgrano,87.632,73.045,71.390
jun. 22,6,Villa Urquiza,88.549,70.898,68.586
jun. 22,7,Recoleta,84.359,70.160,69.277
jun. 22,8,Villa Crespo,95.259,68.448,66.504
jun. 22,9,Parque Chas,-,68.434,68.596
jun. 22,10,Chacarita,-,68.315,65.235
jun. 22,11,Coghlan,-,68.111,67.357
jun. 22,12,Saavedra,-,66.930,65.394
jun. 22,13,Retiro,78.507,66.844,66.304
jun. 22,14,Villa Ortuzar,-,66.217,66.519
jun. 22,15,San Telmo,-,64.441,63.118
jun. 22,16,Villa Devoto,-,63.428,61.927
jun. 22,17,Parque Chacabuco,-,62.952,61.641
jun. 22,18,Villa del Parque,-,62.812,60.708
may. 22,1,Puerto Madero,149.007,127.295,122.876
may. 22,2,Palermo,88.740,77.417,76.174
may. 22,3,Nuñez,-,71.991,70.015
may. 22,4,Belgrano,84.501,69.518,67.557
may. 22,5,Colegiales,-,68.309,67.000
may. 22,6,Recoleta,84.398,66.908,66.032
may. 22,7,Villa Urquiza,83.847,65.956,63.989
may. 22,8,Chacarita,-,64.459,64.374
may. 22,9,Villa Crespo,85.468,63.982,61.895
may. 22,10,Saavedra,-,63.566,62.088
may. 22,11,Parque Chas,-,63.221,63.457
may. 22,12,Retiro,84.925,63.027,61.803
may. 22,13,Coghlan,-,62.455,61.146
may. 22,14,Villa Devoto,-,61.057,60.591
may. 22,15,Villa Ortuzar,-,60.681,59.913
may. 22,16,Villa del Parque,-,59.372,57.423
may. 22,17,Parque Chacabuco,-,58.477,56.143
may. 22,18,Villa Pueyrredon,-,58.177,58.437
abr. 22,1,Puerto Madero,144.464,124.542,120.350
abr. 22,2,Palermo,86.453,74.607,73.226
abr. 22,3,Nuñez,90.974,67.531,65.866
abr. 22,4,Recoleta,79.058,65.319,64.760
abr. 22,5,Belgrano,77.075,64.933,63.242
abr. 22,6,Colegiales,64.022,62.474,62.040
abr. 22,7,Villa Urquiza,74.699,61.771,60.237
abr. 22,8,Saavedra,-,61.317,60.301
abr. 22,9,Retiro,75.799,60.544,59.658
abr. 22,10,Chacarita,-,60.237,61.131
abr. 22,11,Coghlan,-,59.805,58.923
abr. 22,12,Villa Crespo,76.145,59.697,57.884
abr. 22,13,Villa Ortuzar,-,59.193,58.875
abr. 22,14,Villa Devoto,-,58.103,57.490
abr. 22,15,Villa del Parque,-,57.522,56.098
abr. 22,16,Parque Chacabuco,75.836,55.945,54.010
abr. 22,17,Villa Pueyrredon,-,55.513,56.274
abr. 22,18,Parque Chas,-,55.396,54.305
mar 22,1,Puerto Madero,133.176,119.921,115.821
mar 22,2,Palermo,82.388,69.414,68.343
mar 22,3,Nuñez,84.402,63.324,62.160
mar 22,4,Recoleta,74.589,62.494,61.821
mar 22,5,Belgrano,75.675,61.298,60.219
mar 22,6,Colegiales,47.756,58.542,58.992
mar 22,7,Villa Urquiza,69.171,58.061,56.895
mar 22,8,Coghlan,-,57.485,57.538
mar 22,9,Saavedra,-,57.445,57.245
mar 22,10,Retiro,58.848,56.890,56.754
mar 22,11,Chacarita,-,56.613,56.863
mar 22,12,Villa Ortuzar,-,55.933,55.147
mar 22,13,Villa Crespo,72.760,55.611,54.586
mar 22,14,Villa Devoto,-,54.593,53.403
mar 22,15,Villa del Parque,-,54.221,53.025
mar 22,16,Agronomía,-,54.063,54.063
mar 22,17,Villa Pueyrredon,-,53.389,53.528
mar 22,18,Parque Chacabuco,66.251,53.244,52.749
feb. 22,1,Puerto Madero,111.043,105.990,105.349
feb. 22,2,Palermo,71.900,61.614,61.015
feb. 22,3,Nuñez,72.310,59.188,58.398
feb. 22,4,Belgrano,71.798,57.988,57.233
feb. 22,5,Colegiales,55.781,56.965,56.524
feb. 22,6,Recoleta,71.358,56.893,56.025
feb. 22,7,Chacarita,-,55.120,55.247
feb. 22,8,Agronomía,-,54.238,54.227
feb. 22,9,Coghlan,-,54.069,53.909
feb. 22,10,Villa Urquiza,63.088,53.421,52.838
feb. 22,11,Saavedra,-,52.829,52.289
feb. 22,12,Retiro,55.202,52.304,52.060
feb. 22,13,Villa Devoto,-,52.078,51.080
feb. 22,14,Villa Pueyrredon,-,51.705,51.519
feb. 22,15,Villa Crespo,66.390,51.498,50.907
feb. 22,16,Villa Ortuzar,-,51.354,50.783
feb. 22,17,Almagro,55.318,50.913,50.295
feb. 22,18,Villa Gral Mitre,-,50.236,47.678
ene. 22,1,Puerto Madero,93.443,98.752,101.570
ene. 22,2,Nuñez,64.561,55.884,55.238
ene. 22,3,Palermo,61.720,55.515,55.099
ene. 22,4,Colegiales,60.492,54.751,53.711
ene. 22,5,Chacarita,-,54.119,54.392
ene. 22,6,Belgrano,63.613,53.997,53.544
ene. 22,7,Coghlan,-,52.788,52.445
ene. 22,8,Recoleta,67.460,52.308,51.471
ene. 22,9,Saavedra,-,51.326,50.500
ene. 22,10,Villa Urquiza,60.517,51.312,50.697
ene. 22,11,Agronomía,-,50.717,50.563
ene. 22,12,Villa Devoto,-,49.969,49.277
ene. 22,13,Villa Ortuzar,-,49.577,49.665
ene. 22,14,Retiro,55.827,49.032,48.546
ene. 22,15,Caballito,58.297,48.642,48.295
ene. 22,16,Parque Chas,-,48.462,48.484
ene. 22,17,Almagro,55.254,48.427,47.429
ene. 22,18,Villa Pueyrredon,-,48.308,47.818
dic. 21,1,Puerto Madero,93.729,99.358,102.484
dic. 21,2,Palermo,59.932,53.315,52.798
dic. 21,3,Nuñez,59.646,53.266,52.408
dic. 21,4,Coghlan,-,52.419,52.127
dic. 21,5,Belgrano,62.323,52.127,51.535
dic. 21,6,Colegiales,57.346,50.694,50.047
dic. 21,7,Chacarita,-,50.488,50.829
dic. 21,8,Recoleta,62.161,49.509,48.965
dic. 21,9,Villa Urquiza,57.147,49.155,48.567
dic. 21,10,Saavedra,-,48.999,48.482
dic. 21,11,Agronomía,-,48.902,48.760
dic. 21,12,Villa Devoto,-,48.439,47.932
dic. 21,13,Villa Ortuzar,-,47.950,47.471
dic. 21,14,Parque Chas,-,47.885,47.305
dic. 21,15,Caballito,55.002,47.431,46.976
dic. 21,16,Retiro,55.859,47.229,46.684
dic. 21,17,Villa Crespo,58.425,46.574,46.146
dic. 21,18,Almagro,54.306,46.318,45.208
nov. 21,1,Puerto Madero,92.799,95.706,97.396
nov. 21,2,Nuñez,60.707,51.797,51.040
nov. 21,3,Palermo,59.529,51.782,51.111
nov. 21,4,Belgrano,59.922,50.601,49.996
nov. 21,5,Coghlan,-,49.450,48.934
nov. 21,6,Chacarita,-,47.848,47.727
nov. 21,7,Saavedra,-,47.708,47.472
nov. 21,8,Recoleta,58.582,47.660,47.259
nov. 21,9,Villa Ortuzar,-,47.520,47.139
nov. 21,10,Villa Devoto,-,47.322,46.722
nov. 21,11,Colegiales,54.041,47.199,46.752
nov. 21,12,Villa Urquiza,52.982,46.990,46.310
nov. 21,13,Parque Chas,-,46.382,45.814
nov. 21,14,Retiro,52.432,45.369,44.809
nov. 21,15,Villa Pueyrredon,-,45.338,44.848
nov. 21,16,Caballito,54.139,45.174,44.741
nov. 21,17,Almagro,52.160,44.727,43.735
nov. 21,18,Villa Crespo,56.775,44.619,44.103
oct. 21,1,Puerto Madero,92.350,90.759,89.783
oct. 21,2,Nuñez,58.711,51.011,50.572
oct. 21,3,Palermo,58.812,50.345,49.504
oct. 21,4,Belgrano,59.416,48.515,47.911
oct. 21,5,Villa Ortuzar,-,48.144,48.274
oct. 21,6,Coghlan,-,47.636,46.986
oct. 21,7,Saavedra,-,47.003,46.362
oct. 21,8,Chacarita,-,46.605,46.096
oct. 21,9,Parque Chas,-,46.061,44.848
oct. 21,10,Recoleta,58.251,46.057,45.617
oct. 21,11,Villa Devoto,-,46.011,45.232
oct. 21,12,Villa Urquiza,53.479,45.870,45.216
oct. 21,13,Colegiales,52.999,45.551,45.101
oct. 21,14,Retiro,50.412,43.540,42.861
oct. 21,15,Villa Crespo,52.225,43.375,42.525
oct. 21,16,Caballito,55.077,43.339,42.876
oct. 21,17,Almagro,50.299,43.304,42.595
oct. 21,18,Villa Pueyrredon,-,42.792,42.068
sep. 21,1,Puerto Madero,90.994,88.091,86.444
sep. 21,2,Nuñez,53.309,49.809,49.500
sep. 21,3,Palermo,58.007,49.126,48.059
sep. 21,4,Paternal,-,47.353,-
sep. 21,5,Villa Ortuzar,-,47.300,47.419
sep. 21,6,Coghlan,-,47.129,46.884
sep. 21,7,Belgrano,58.171,47.125,46.466
sep. 21,8,Villa Urquiza,53.475,45.284,44.746
sep. 21,9,Saavedra,-,44.968,44.284
sep. 21,10,Chacarita,49.082,44.676,43.946
sep. 21,11,Recoleta,57.080,44.621,44.126
sep. 21,12,Parque Chas,-,44.399,42.975
sep. 21,13,Colegiales,55.975,44.372,43.704
sep. 21,14,Villa Devoto,-,43.842,42.982
sep. 21,15,Retiro,51.263,42.759,41.967
sep. 21,16,Villa Crespo,50.366,42.058,41.185
sep. 21,17,Almagro,49.149,41.788,41.226
sep. 21,18,Caballito,53.896,41.741,41.250
ago. 21,1,Puerto Madero,87.686,85.943,85.116
ago. 21,2,Villa Ortuzar,-,48.115,47.750
ago. 21,3,Palermo,56.713,48.061,46.895
ago. 21,4,Nuñez,52.292,47.528,46.944
ago. 21,5,Coghlan,-,46.134,46.418
ago. 21,6,Belgrano,55.209,45.781,45.157
ago. 21,7,Parque Chas,-,44.719,42.349
ago. 21,8,Villa Urquiza,51.074,44.682,44.131
ago. 21,9,Saavedra,-,44.466,43.927
ago. 21,10,Colegiales,-,43.284,42.628
ago. 21,11,Recoleta,54.047,43.206,42.719
ago. 21,12,Chacarita,43.601,41.840,41.468
ago. 21,13,Villa Devoto,-,41.609,40.932
ago. 21,14,Retiro,49.359,41.597,40.890
ago. 21,15,Villa Pueyrredon,-,41.332,41.388
ago. 21,16,Villa Crespo,48.350,40.893,40.188
ago. 21,17,Villa Gral Mitre,-,40.556,40.721
ago. 21,18,Caballito,49.162,40.340,39.906
jul. 21,1,Puerto Madero,85.002,83.235,82.494
jul. 21,2,Villa Ortuzar,-,47.928,47.499
jul. 21,3,Palermo,56.754,47.047,45.855
jul. 21,4,Parque Chas,-,45.997,42.063
jul. 21,5,Nuñez,53.168,45.749,44.897
jul. 21,6,Belgrano,54.326,44.674,44.091
jul. 21,7,Saavedra,-,44.230,43.600
jul. 21,8,Coghlan,-,44.141,44.127
jul. 21,9,Villa Urquiza,48.850,43.843,43.327
jul. 21,10,Colegiales,-,42.758,42.176
jul. 21,11,Recoleta,50.528,41.780,41.324
jul. 21,12,Villa Pueyrredon,-,41.263,40.887
jul. 21,13,Villa Devoto,-,40.696,40.249
jul. 21,14,Villa del Parque,-,40.269,39.618
jul. 21,15,Villa Crespo,47.110,40.141,39.525
jul. 21,16,Chacarita,38.925,39.983,39.996
jul. 21,17,Retiro,46.735,39.952,39.362
jul. 21,18,Parque Patricios,-,39.800,37.342
jun. 21,1,Puerto Madero,81.546,79.206,78.287
jun. 21,2,Villa Ortuzar,-,46.507,46.699
jun. 21,3,Palermo,55.948,46.015,44.880
jun. 21,4,Parque Chas,-,45.142,41.621
jun. 21,5,Nuñez,53.951,44.869,44.316
jun. 21,6,Belgrano,54.918,44.039,43.316
jun. 21,7,Saavedra,44.849,43.085,42.907
jun. 21,8,Coghlan,-,42.746,41.952
jun. 21,9,Villa Urquiza,47.400,42.500,41.944
jun. 21,10,Recoleta,47.927,40.760,40.303
jun. 21,11,Colegiales,-,40.716,39.976
jun. 21,12,Villa Crespo,47.258,39.880,39.334
jun. 21,13,Villa Pueyrredon,-,39.844,39.311
jun. 21,14,Chacarita,38.006,39.339,39.486
jun. 21,15,Parque Patricios,-,39.238,35.230
jun. 21,16,Villa Devoto,-,39.080,38.782
jun. 21,17,Retiro,45.948,38.878,38.312
jun. 21,18,Villa Gral Mitre,-,38.796,37.460
may. 21,1,Puerto Madero,79.568,75.235,73.570
may. 21,2,Palermo,53.878,44.559,43.381
may. 21,3,Nuñez,50.532,43.870,43.650
may. 21,4,Belgrano,51.473,42.529,41.829
may. 21,5,Saavedra,42.654,41.615,41.460
may. 21,6,Villa Ortuzar,-,41.413,41.735
may. 21,7,Villa Urquiza,45.078,40.821,40.414
may. 21,8,Parque Chas,-,40.697,39.269
may. 21,9,Coghlan,-,40.544,39.739
may. 21,10,Paternal,-,39.545,40.018
may. 21,11,Recoleta,44.334,39.195,38.823
may. 21,12,Chacarita,39.786,39.004,38.861
may. 21,13,Villa Crespo,44.135,38.093,37.467
may. 21,14,Colegiales,-,38.055,37.579
may. 21,15,Retiro,45.751,37.819,37.130
may. 21,16,Villa Pueyrredon,-,37.222,35.993
may. 21,17,Monte Castro,-,36.995,36.065
may. 21,18,Villa Devoto,-,36.960,36.700
abr. 21,1,Puerto Madero,78.875,73.814,71.792
abr. 21,2,Nuñez,44.456,43.402,43.344
abr. 21,3,Palermo,51.961,43.164,41.990
abr. 21,4,Belgrano,45.730,41.013,40.577
abr. 21,5,Saavedra,42.481,39.740,39.064
abr. 21,6,Villa Urquiza,45.313,39.558,39.294
abr. 21,7,Coghlan,-,38.381,38.070
abr. 21,8,Recoleta,41.680,37.626,37.373
abr. 21,9,Paternal,-,37.611,37.611
abr. 21,10,Chacarita,39.523,37.493,37.136
abr. 21,11,Colegiales,-,37.230,37.171
abr. 21,12,Retiro,45.784,36.889,35.980
abr. 21,13,Villa Devoto,-,36.176,35.952
abr. 21,14,Parque Chas,-,35.955,35.955
abr. 21,15,Villa Crespo,40.341,35.758,35.060
abr. 21,16,Villa Ortuzar,-,35.571,35.643
abr. 21,17,Parque Chacabuco,36.027,35.069,34.751
abr. 21,18,Villa Pueyrredon,-,34.944,33.330
mar. 21,1,Puerto Madero,76.145,71.135,69.085
mar. 21,2,Palermo,49.092,41.067,40.140
mar. 21,3,Nuñez,41.624,41.032,40.926
mar. 21,4,Belgrano,44.626,38.761,38.315
mar. 21,5,Saavedra,40.192,37.801,37.136
mar. 21,6,Villa Urquiza,41.601,37.562,37.386
mar. 21,7,Chacarita,-,36.784,36.540
mar. 21,8,Colegiales,-,36.644,36.510
mar. 21,9,Coghlan,-,36.472,36.987
mar. 21,10,Parque Chas,-,36.420,35.979
mar. 21,11,Recoleta,38.936,36.123,35.950
mar. 21,12,Retiro,43.564,35.578,34.691
mar. 21,13,Villa Devoto,-,35.007,34.861
mar. 21,14,Villa Crespo,39.144,34.574,33.863
mar. 21,15,Villa Ortuzar,-,34.379,34.516
mar. 21,16,Parque Chacabuco,37.221,34.171,33.066
mar. 21,17,Villa Pueyrredon,-,33.804,33.366
mar. 21,18,Almagro,37.979,33.777,33.509
feb. 21,1,Puerto Madero,72.659,67.062,64.921
feb. 21,2,Villa Real,40.878,38.821,32.926
feb. 21,3,Palermo,45.352,38.627,37.860
feb. 21,4,Nuñez,41.944,38.404,37.800
feb. 21,5,Belgrano,46.674,36.235,35.674
feb. 21,6,Chacarita,37.086,35.687,35.446
feb. 21,7,Saavedra,37.490,35.644,35.068
feb. 21,8,Villa Urquiza,38.054,35.074,34.899
feb. 21,9,Colegiales,43.547,34.958,34.651
feb. 21,10,Recoleta,35.842,34.350,34.241
feb. 21,11,Parque Chas,36.603,33.929,33.257
feb. 21,12,Retiro,41.308,33.690,32.755
feb. 21,13,Coghlan,30.815,33.357,34.203
feb. 21,14,Villa Devoto,38.194,32.946,32.766
feb. 21,15,Villa Crespo,36.766,32.755,32.109
feb. 21,16,Villa Ortuzar,-,32.530,32.621
feb. 21,17,Almagro,35.517,32.483,32.288
feb. 21,18,Nueva Pompeya,-,32.361,32.377
ene. 21,1,Puerto Madero,69.050,65.252,63.850
ene. 21,2,Palermo,42.624,37.027,36.312
ene. 21,3,Nuñez,42.209,36.706,36.015
ene. 21,4,Belgrano,46.768,34.969,34.388
ene. 21,5,Saavedra,36.602,34.340,33.583
ene. 21,6,Chacarita,32.939,34.042,34.228
ene. 21,7,Villa Urquiza,44.595,33.560,32.830
ene. 21,8,Villa Real,32.674,33.513,32.101
ene. 21,9,Colegiales,38.035,33.086,32.841
ene. 21,10,Recoleta,34.940,32.917,32.744
ene. 21,11,Coghlan,32.052,32.737,33.020
ene. 21,12,Retiro,39.959,31.985,31.088
ene. 21,13,Parque Chacabuco,34.379,31.839,31.207
ene. 21,14,Nueva Pompeya,-,31.636,31.636
ene. 21,15,Villa Pueyrredon,-,31.474,31.598
ene. 21,16,Villa Ortuzar,-,31.316,31.476
ene. 21,17,Almagro,34.398,31.218,30.944
ene. 21,18,Caballito,36.819,31.082,30.694
dic. 20,1,Puerto Madero,65.852,64.584,64.108
dic. 20,2,Palermo,42.206,35.824,35.133
dic. 20,3,Nuñez,38.148,34.644,34.378
dic. 20,4,Belgrano,43.312,34.244,33.646
dic. 20,5,Saavedra,36.449,34.120,33.250
dic. 20,6,Chacarita,30.689,33.533,34.093
dic. 20,7,Villa Urquiza,45.475,32.567,31.444
dic. 20,8,Coghlan,32.324,32.254,32.198
dic. 20,9,Colegiales,38.495,32.032,31.811
dic. 20,10,Recoleta,34.739,31.694,31.444
dic. 20,11,Villa Ortuzar,28.183,31.686,32.074
dic. 20,12,Parque Chacabuco,34.294,31.664,30.784
dic. 20,13,Parque Chas,32.746,31.359,31.053
dic. 20,14,Villa Pueyrredon,27.809,31.304,31.531
dic. 20,15,Villa Real,32.733,31.076,29.309
dic. 20,16,Agronomía,-,30.922,30.922
dic. 20,17,Retiro,39.024,30.667,29.896
dic. 20,18,Caballito,35.348,30.160,29.761
nov. 20,1,Puerto Madero,63.841,62.213,61.926
nov. 20,2,Palermo,41.380,35.132,34.550
nov. 20,3,Nuñez,36.760,33.809,33.692
nov. 20,4,Belgrano,42.315,33.619,33.000
nov. 20,5,Saavedra,35.018,33.232,32.757
nov. 20,6,Chacarita,31.635,33.026,33.371
nov. 20,7,Villa Urquiza,43.943,31.820,30.497
nov. 20,8,Parque Chas,33.679,31.237,30.722
nov. 20,9,Parque Chacabuco,35.776,31.213,29.517
nov. 20,10,Coghlan,31.423,31.032,31.026
nov. 20,11,Colegiales,36.793,31.006,30.710
nov. 20,12,Recoleta,34.169,30.709,30.430
nov. 20,13,Villa Ortuzar,28.600,30.597,31.060
nov. 20,14,Agronomía,-,30.553,30.553
nov. 20,15,San Telmo,41.893,30.289,29.605
nov. 20,16,Paternal,-,30.278,30.673
nov. 20,17,Nueva Pompeya,30.455,29.981,29.837
nov. 20,18,Retiro,37.110,29.687,29.034
oct. 20,1,Puerto Madero,61.134,59.125,58.948
oct. 20,2,Palermo,40.434,34.946,34.442
oct. 20,3,Nuñez,40.141,33.994,33.621
oct. 20,4,Belgrano,42.885,32.123,31.461
oct. 20,5,Chacarita,32.888,31.974,31.623
oct. 20,6,Saavedra,30.594,31.055,31.115
oct. 20,7,Villa Urquiza,43.898,31.006,29.823
oct. 20,8,Coghlan,30.768,30.474,30.496
oct. 20,9,Recoleta,33.053,29.968,29.731
oct. 20,10,Villa Ortuzar,28.680,29.916,30.260
oct. 20,11,Parque Chacabuco,35.364,29.648,27.561
oct. 20,12,Colegiales,32.501,29.298,29.014
oct. 20,13,Retiro,34.669,29.283,28.867
oct. 20,14,San Telmo,37.308,29.215,28.727
oct. 20,15,Paternal,27.027,29.062,29.608
oct. 20,16,Parque Chas,33.796,28.772,28.321
oct. 20,17,Caballito,35.490,28.403,27.754
oct. 20,18,Almagro,33.587,28.269,28.081
sep. 20,1,Puerto Madero,60.153,57.032,56.847
sep. 20,2,Palermo,39.962,34.166,33.571
sep. 20,3,Nuñez,37.813,32.981,32.528
sep. 20,4,Belgrano,41.643,30.142,29.514
sep. 20,5,Villa Urquiza,42.692,29.926,28.942
sep. 20,6,Chacarita,32.563,29.575,28.768
sep. 20,7,Coghlan,29.423,29.375,29.342
sep. 20,8,Villa Ortuzar,26.256,29.316,29.900
sep. 20,9,Recoleta,31.776,29.263,29.090
sep. 20,10,Monte Castro,29.740,29.000,27.825
sep. 20,11,Retiro,34.871,28.894,28.413
sep. 20,12,Saavedra,27.922,28.466,28.551
sep. 20,13,Agronomía,-,28.231,28.587
sep. 20,14,San Telmo,31.813,28.077,27.770
sep. 20,15,Colegiales,30.945,27.912,27.590
sep. 20,16,Almagro,32.734,27.508,27.296
sep. 20,17,Paternal,27.867,27.252,26.640
sep. 20,18,Caballito,35.390,27.137,26.527
ago. 20,1,Puerto Madero,60.934,55.173,54.924
ago. 20,2,Palermo,37.503,32.312,31.769
ago. 20,3,Nuñez,33.707,30.516,29.983
ago. 20,4,Recoleta,31.418,28.275,28.052
ago. 20,5,Belgrano,37.843,28.169,27.623
ago. 20,6,Villa Urquiza,36.609,28.059,27.318
ago. 20,7,Retiro,34.079,27.595,27.135
ago. 20,8,Coghlan,25.868,27.501,27.597
ago. 20,9,Monte Castro,30.855,27.466,24.856
ago. 20,10,Chacarita,30.153,27.336,26.775
ago. 20,11,Colegiales,31.136,27.152,26.738
ago. 20,12,Villa Ortuzar,24.844,26.997,27.452
ago. 20,13,San Telmo,29.031,26.756,26.533
ago. 20,14,Agronomía,-,26.576,26.921
ago. 20,15,Saavedra,27.874,26.200,26.001
ago. 20,16,Almagro,29.753,25.975,25.679
ago. 20,17,Villa Crespo,27.817,25.825,25.477
ago. 20,18,Paternal,28.706,25.650,23.670
jul. 20,1,Puerto Madero,53.196,52.612,52.624
jul. 20,2,Palermo,35.645,30.182,29.687
jul. 20,3,Nuñez,31.399,28.046,27.483
jul. 20,4,Recoleta,32.173,26.881,26.558
jul. 20,5,Retiro,33.632,25.948,25.563
jul. 20,6,Belgrano,34.066,25.925,25.507
jul. 20,7,Parque Chacabuco,28.433,25.619,22.096
jul. 20,8,Colegiales,27.501,25.616,25.436
jul. 20,9,Chacarita,26.347,25.527,25.446
jul. 20,10,Villa Urquiza,28.737,25.356,24.945
jul. 20,11,San Telmo,28.594,25.142,24.728
jul. 20,12,Coghlan,23.014,24.997,25.193
jul. 20,13,Villa Ortuzar,25.719,24.808,24.646
jul. 20,14,Saavedra,25.180,24.730,24.764
jul. 20,15,Villa Crespo,27.900,24.670,24.353
jul. 20,16,Almagro,26.923,23.645,23.342
jul. 20,17,Caballito,31.011,23.377,22.819
jul. 20,18,Paternal,24.488,23.132,22.042
jun. 20,1,Puerto Madero,48.781,49.757,49.791
jun. 20,2,Palermo,36.468,28.590,27.928
jun. 20,3,Nuñez,28.966,25.997,25.420
jun. 20,4,Recoleta,33.346,25.726,25.361
jun. 20,5,Retiro,32.983,24.671,24.306
jun. 20,6,Belgrano,33.271,24.356,23.978
jun. 20,7,Parque Chacabuco,28.882,24.328,19.415
jun. 20,8,Chacarita,23.867,23.938,23.965
jun. 20,9,San Telmo,29.431,23.905,23.287
jun. 20,10,Saavedra,24.550,23.747,23.441
jun. 20,11,Colegiales,26.331,23.714,23.407
jun. 20,12,Villa Urquiza,29.193,23.579,22.958
jun. 20,13,Villa Ortuzar,25.214,23.462,23.126
jun. 20,14,Villa Crespo,27.724,23.324,22.956
jun. 20,15,Coghlan,24.780,23.099,22.274
jun. 20,16,Almagro,24.406,22.043,21.873
jun. 20,17,Parque Chas,20.465,21.995,22.089
jun. 20,18,Paternal,19.820,21.550,22.042
may. 20,1,Puerto Madero,50.857,46.360,46.134
may. 20,2,Palermo,36.078,27.526,26.900
may. 20,3,Nuñez,28.452,25.031,24.254
may. 20,4,Recoleta,31.253,24.587,24.283
may. 20,5,Belgrano,31.723,23.787,23.339
may. 20,6,Coghlan,25.414,23.350,22.262
may. 20,7,Retiro,30.042,23.178,22.989
may. 20,8,Chacarita,23.984,22.961,22.486
may. 20,9,San Telmo,29.906,22.926,22.289
may. 20,10,Villa Urquiza,29.777,22.787,22.080
may. 20,11,Villa Crespo,24.682,22.577,22.365
may. 20,12,Villa Ortuzar,24.929,22.544,21.665
may. 20,13,Saavedra,25.323,22.511,21.545
may. 20,14,Colegiales,27.004,22.465,22.030
may. 20,15,Parque Chas,20.261,22.145,22.433
may. 20,16,Parque Chacabuco,26.766,22.070,18.361
may. 20,17,Almagro,23.409,21.645,21.562
may. 20,18,Paternal,19.369,20.751,21.188
abr. 20,1,Puerto Madero,49.934,43.728,43.446
abr. 20,2,Villa Riachuelo,-,31.031,31.031
abr. 20,3,Palermo,33.499,26.516,26.053
abr. 20,4,Nuñez,27.415,24.566,24.015
abr. 20,5,Recoleta,30.640,23.656,23.375
abr. 20,6,Belgrano,31.374,23.441,22.917
abr. 20,7,Coghlan,24.136,23.202,22.761
abr. 20,8,Retiro,33.512,22.456,22.131
abr. 20,9,Chacarita,23.491,22.380,21.957
abr. 20,10,Villa Crespo,22.456,22.210,22.167
abr. 20,11,Villa Urquiza,29.250,22.082,21.451
abr. 20,12,Colegiales,25.761,21.890,21.630
abr. 20,13,Saavedra,25.416,21.786,20.913
abr. 20,14,San Telmo,29.762,21.708,21.254
abr. 20,15,Almagro,23.490,21.291,21.216
abr. 20,16,Parque Chas,20.269,21.256,21.241
abr. 20,17,Villa Ortuzar,24.634,21.189,19.944
abr. 20,18,Agronomía,21.942,20.332,19.318
mar. 20,1,Puerto Madero,52.182,42.732,42.320
mar. 20,2,Palermo,31.253,25.767,25.330
mar. 20,3,Villa Riachuelo,-,25.062,25.062
mar. 20,4,Nuñez,26.344,24.075,23.757
mar. 20,5,Recoleta,33.536,23.248,22.968
mar. 20,6,Belgrano,31.544,23.047,22.535
mar. 20,7,Retiro,35.460,22.194,21.745
mar. 20,8,Chacarita,23.487,22.189,21.747
mar. 20,9,Villa Urquiza,28.584,21.645,21.028
mar. 20,10,Villa Crespo,22.529,21.605,21.434
mar. 20,11,Colegiales,27.944,21.541,21.178
mar. 20,12,Coghlan,24.105,21.475,21.081
mar. 20,13,Saavedra,24.334,21.048,20.548
mar. 20,14,Parque Chas,23.087,20.981,20.687
mar. 20,15,Almagro,20.555,20.509,20.496
mar. 20,16,San Telmo,28.558,20.321,19.961
mar. 20,17,Villa Ortuzar,24.686,20.232,19.487
mar. 20,18,Caballito,26.523,19.982,19.685
feb. 20,1,Puerto Madero,52.317,40.605,40.239
feb. 20,2,Palermo,29.384,24.896,24.510
feb. 20,3,Villa Riachuelo,-,23.848,-
feb. 20,4,Nuñez,25.774,22.850,22.507
feb. 20,5,Belgrano,29.572,22.433,22.003
feb. 20,6,Recoleta,32.244,22.313,22.128
feb. 20,7,Chacarita,23.702,21.800,20.903
feb. 20,8,Retiro,28.573,21.322,21.085
feb. 20,9,Villa Urquiza,26.354,20.986,20.544
feb. 20,10,Colegiales,28.303,20.788,20.410
feb. 20,11,Coghlan,23.270,20.713,20.465
feb. 20,12,Villa Crespo,23.230,20.641,20.297
feb. 20,13,Parque Chas,21.865,20.568,20.614
feb. 20,14,Villa Ortuzar,23.075,20.100,19.809
feb. 20,15,Saavedra,21.058,19.861,19.698
feb. 20,16,Almagro,19.126,19.856,19.859
feb. 20,17,Villa Devoto,22.598,19.611,19.331
feb. 20,18,San Telmo,25.142,19.463,19.179
ene. 20,1,Puerto Madero,46.545,37.514,37.294
ene. 20,2,Palermo,27.707,23.776,23.425
ene. 20,3,Belgrano,27.806,21.788,21.284
ene. 20,4,Nuñez,24.528,21.602,21.250
ene. 20,5,Recoleta,29.824,21.405,21.224
ene. 20,6,Chacarita,22.906,20.921,19.995
ene. 20,7,Retiro,23.034,20.635,20.547
ene. 20,8,Villa Urquiza,24.780,20.553,20.171
ene. 20,9,Coghlan,22.409,20.362,20.234
ene. 20,10,Colegiales,26.830,20.220,19.844
ene. 20,11,Parque Chas,19.271,19.876,20.129
ene. 20,12,Villa Ortuzar,21.641,19.804,19.552
ene. 20,13,Villa Crespo,23.570,19.718,19.323
ene. 20,14,Almagro,20.637,19.364,19.282
ene. 20,15,Saavedra,22.116,19.354,19.133
ene. 20,16,San Telmo,23.357,19.286,19.062
ene. 20,17,Villa Devoto,22.930,18.916,18.571
ene. 20,18,Villa Pueyrredon,18.378,18.856,18.913
dic. 19,1,Puerto Madero,40.936,35.939,35.698
dic. 19,2,Palermo,27.499,22.967,22.548
dic. 19,3,Nuñez,23.638,21.205,20.890
dic. 19,4,Belgrano,27.278,21.066,20.508
dic. 19,5,Recoleta,27.458,20.846,20.613
dic. 19,6,Chacarita,22.465,20.535,19.686
dic. 19,7,Villa Urquiza,24.443,20.205,19.751
dic. 19,8,Retiro,24.067,20.060,19.977
dic. 19,9,Colegiales,24.823,19.687,19.428
dic. 19,10,Coghlan,22.871,19.580,19.454
dic. 19,11,Villa Crespo,23.736,19.570,19.016
dic. 19,12,Villa Ortuzar,22.276,19.398,19.083
dic. 19,13,Parque Chas,17.838,19.350,19.464
dic. 19,14,Saavedra,22.596,19.086,18.759
dic. 19,15,San Telmo,24.124,18.881,18.482
dic. 19,16,Almagro,21.565,18.633,18.486
dic. 19,17,Villa Pueyrredon,18.818,18.298,18.217
dic. 19,18,Caballito,21.770,18.207,17.949
nov. 19,1,Puerto Madero,35.865,34.656,34.590
nov. 19,2,Palermo,26.762,22.290,21.898
nov. 19,3,Chacarita,22.213,20.575,19.819
nov. 19,4,Nuñez,22.391,20.476,20.246
nov. 19,5,Belgrano,27.581,20.447,19.907
nov. 19,6,Recoleta,25.283,20.324,20.069
nov. 19,7,Villa Urquiza,25.295,20.151,19.337
nov. 19,8,Retiro,25.508,19.441,19.262
nov. 19,9,Villa Crespo,22.653,19.311,18.704
nov. 19,10,Colegiales,22.232,19.175,19.068
nov. 19,11,Parque Chas,16.414,19.102,19.302
nov. 19,12,Villa Ortuzar,21.307,19.047,18.853
nov. 19,13,Coghlan,20.951,19.009,18.929
nov. 19,14,Saavedra,19.847,18.993,18.786
nov. 19,15,San Telmo,25.111,18.929,18.341
nov. 19,16,Parque Chacabuco,23.121,18.099,17.127
nov. 19,17,Almagro,20.462,18.067,17.968
nov. 19,18,Villa Pueyrredon,17.717,17.839,17.846
oct. 19,1,Puerto Madero,33.366,32.910,32.891
oct. 19,2,Palermo,24.564,21.778,21.533
oct. 19,3,Belgrano,27.975,20.289,19.538
oct. 19,4,Chacarita,22.632,20.106,19.070
oct. 19,5,Recoleta,25.589,19.767,19.434
oct. 19,6,Nuñez,22.253,19.760,19.628
oct. 19,7,Villa Urquiza,23.455,19.452,18.729
oct. 19,8,San Telmo,23.873,19.122,18.618
oct. 19,9,Parque Chacabuco,24.499,18.950,16.981
oct. 19,10,Saavedra,18.776,18.904,18.874
oct. 19,11,Retiro,24.147,18.811,18.611
oct. 19,12,Parque Chas,18.128,18.787,18.858
oct. 19,13,Colegiales,19.546,18.742,18.704
oct. 19,14,Coghlan,19.271,18.706,18.597
oct. 19,15,Villa Crespo,21.984,18.689,18.200
oct. 19,16,Villa Ortuzar,19.913,18.393,18.194
oct. 19,17,Almagro,18.560,17.833,17.808
oct. 19,18,Paternal,22.470,17.782,17.254
sep. 19,1,Puerto Madero,32.830,31.259,31.169
sep. 19,2,Palermo,24.627,21.427,21.164
sep. 19,3,Belgrano,26.450,19.739,18.971
sep. 19,4,Chacarita,22.528,19.545,18.370
sep. 19,5,Nuñez,22.170,19.194,19.007
sep. 19,6,Recoleta,25.836,19.069,18.750
sep. 19,7,Coghlan,19.303,18.697,18.580
sep. 19,8,San Telmo,23.338,18.545,17.962
sep. 19,9,Saavedra,17.961,18.404,18.538
sep. 19,10,Colegiales,20.357,18.306,18.263
sep. 19,11,Villa Crespo,22.838,18.284,17.783
sep. 19,12,Villa Urquiza,19.708,18.254,18.104
sep. 19,13,Retiro,24.945,18.205,17.987
sep. 19,14,Parque Chas,17.385,18.134,18.214
sep. 19,15,Parque Chacabuco,20.775,17.642,16.396
sep. 19,16,Villa Ortuzar,19.397,17.606,17.329
sep. 19,17,Almagro,18.071,17.259,17.214
sep. 19,18,Paternal,19.948,17.116,16.892
ago. 19,1,Puerto Madero,29.716,29.999,30.010
ago. 19,2,Palermo,24.402,20.903,20.638
ago. 19,3,Nuñez,21.429,18.961,18.709
ago. 19,4,Belgrano,24.935,18.827,18.252
ago. 19,5,Chacarita,21.156,18.799,17.965
ago. 19,6,Recoleta,25.679,18.523,18.297
ago. 19,7,Coghlan,19.153,18.098,18.051
ago. 19,8,Villa Crespo,22.387,17.875,17.419
ago. 19,9,Colegiales,22.840,17.799,17.685
ago. 19,10,Villa Urquiza,17.899,17.640,17.639
ago. 19,11,Retiro,24.575,17.636,17.465
ago. 19,12,Saavedra,17.519,17.628,17.671
ago. 19,13,San Telmo,23.338,17.420,16.831
ago. 19,14,Parque Chas,17.479,17.164,17.202
ago. 19,15,Villa Ortuzar,19.352,17.033,16.865
ago. 19,16,Almagro,17.951,16.586,16.497
ago. 19,17,Monserrat,19.119,16.339,16.261
ago. 19,18,Caballito,18.887,16.332,16.186
jul. 19,1,Puerto Madero,28.473,29.371,29.438
jul. 19,2,Palermo,24.125,20.504,20.237
jul. 19,3,Nuñez,21.911,18.780,18.609
jul. 19,4,Belgrano,24.553,18.387,17.839
jul. 19,5,Chacarita,21.176,18.332,17.516
jul. 19,6,Recoleta,25.052,18.142,17.934
jul. 19,7,Colegiales,22.315,17.761,17.546
jul. 19,8,Retiro,22.768,17.385,17.297
jul. 19,9,Villa Crespo,20.291,17.368,17.035
jul. 19,10,Coghlan,18.752,17.346,17.210
jul. 19,11,Villa Urquiza,17.356,17.237,17.221
jul. 19,12,Saavedra,17.024,17.072,17.045
jul. 19,13,Villa Ortuzar,18.590,16.880,16.889
jul. 19,14,San Telmo,22.125,16.844,16.470
jul. 19,15,Almagro,17.973,16.442,16.370
jul. 19,16,Parque Chas,17.924,16.192,15.875
jul. 19,17,Villa Devoto,18.336,15.949,15.572
jul. 19,18,Caballito,18.450,15.929,15.807
jun. 19,1,Puerto Madero,28.045,28.961,29.161
jun. 19,2,Palermo,24.516,19.953,19.664
jun. 19,3,Chacarita,21.645,18.400,17.410
jun. 19,4,Nuñez,21.333,18.244,18.173
jun. 19,5,Belgrano,23.979,18.048,17.511
jun. 19,6,Recoleta,24.298,17.790,17.606
jun. 19,7,Colegiales,21.356,17.749,17.486
jun. 19,8,Villa Ortuzar,21.279,17.725,17.639
jun. 19,9,Coghlan,18.040,17.072,16.819
jun. 19,10,Retiro,23.302,17.053,16.948
jun. 19,11,San Telmo,20.305,17.046,16.822
jun. 19,12,Villa Urquiza,17.557,17.032,16.969
jun. 19,13,Villa Crespo,19.336,16.943,16.643
jun. 19,14,Saavedra,17.182,16.866,16.872
jun. 19,15,Almagro,17.997,16.139,16.108
jun. 19,16,Parque Chas,17.142,16.055,15.609
jun. 19,17,Parque Chacabuco,16.338,15.711,15.650
jun. 19,18,Villa Devoto,17.555,15.635,15.379
may. 19,1,Puerto Madero,27.485,28.444,28.625
may. 19,2,Palermo,23.931,19.380,19.095
may. 19,3,Chacarita,20.708,18.075,17.264
may. 19,4,Villa Ortuzar,21.595,17.897,17.716
may. 19,5,Nuñez,18.857,17.679,17.656
may. 19,6,Belgrano,23.390,17.594,17.059
may. 19,7,Recoleta,24.319,17.535,17.355
may. 19,8,San Telmo,20.766,17.516,17.183
may. 19,9,Colegiales,19.819,17.234,17.081
may. 19,10,Coghlan,17.816,16.917,16.645
may. 19,11,Villa Urquiza,17.895,16.823,16.675
may. 19,12,Villa Crespo,19.581,16.646,16.245
may. 19,13,Saavedra,16.683,16.480,16.441
may. 19,14,Retiro,23.057,16.302,16.202
may. 19,15,Parque Chas,16.631,15.853,15.545
may. 19,16,Paternal,17.254,15.741,15.454
may. 19,17,Almagro,17.707,15.659,15.625
may. 19,18,Monserrat,24.519,15.382,15.208
abr. 19,1,Puerto Madero,27.859,27.915,27.925
abr. 19,2,Palermo,22.863,18.911,18.635
abr. 19,3,San Telmo,21.888,17.582,17.096
abr. 19,4,Recoleta,24.302,17.309,17.113
abr. 19,5,Nuñez,17.004,17.204,17.205
abr. 19,6,Belgrano,22.878,17.198,16.712
abr. 19,7,Chacarita,19.780,17.187,16.705
abr. 19,8,Coghlan,19.013,17.173,17.018
abr. 19,9,Colegiales,18.258,16.712,16.571
abr. 19,10,Villa Ortuzar,18.125,16.622,16.527
abr. 19,11,Villa Urquiza,17.900,16.332,16.076
abr. 19,12,Villa Crespo,19.481,16.157,15.794
abr. 19,13,Saavedra,15.394,16.042,16.092
abr. 19,14,Retiro,21.683,15.746,15.649
abr. 19,15,Nueva Pompeya,21.593,15.694,14.280
abr. 19,16,Parque Chas,15.833,15.500,15.292
abr. 19,17,Almagro,16.518,15.389,15.354
abr. 19,18,Villa Devoto,18.324,15.270,14.991
mar. 19,1,Puerto Madero,26.554,27.393,27.494
mar. 19,2,Palermo,22.029,18.510,18.246
mar. 19,3,Nuñez,16.888,16.941,16.945
mar. 19,4,Belgrano,22.486,16.897,16.453
mar. 19,5,Recoleta,25.302,16.891,16.644
mar. 19,6,San Telmo,21.643,16.846,16.333
mar. 19,7,Coghlan,22.127,16.680,16.591
mar. 19,8,Chacarita,18.821,16.624,16.340
mar. 19,9,Colegiales,18.775,16.411,16.133
mar. 19,10,Nueva Pompeya,22.222,16.057,14.809
mar. 19,11,Saavedra,16.500,15.900,15.811
mar. 19,12,Villa Ortuzar,16.393,15.807,15.824
mar. 19,13,Villa Urquiza,17.103,15.650,15.399
mar. 19,14,Villa Crespo,17.730,15.650,15.532
mar. 19,15,Retiro,21.749,15.582,15.487
mar. 19,16,San Nicolás,16.492,15.174,15.153
mar. 19,17,Villa Devoto,18.010,15.049,14.759
mar. 19,18,Almagro,16.521,14.970,14.879
feb. 19,1,Puerto Madero,24.276,26.376,26.560
feb. 19,2,Palermo,21.786,18.125,17.833
feb. 19,3,Belgrano,21.565,16.592,15.990
feb. 19,4,Nuñez,16.434,16.417,16.426
feb. 19,5,Recoleta,25.522,16.269,15.992
feb. 19,6,San Telmo,20.965,16.131,15.342
feb. 19,7,Colegiales,18.948,16.022,15.714
feb. 19,8,Chacarita,17.375,16.019,15.834
feb. 19,9,Coghlan,23.071,15.598,15.435
feb. 19,10,Saavedra,16.716,15.459,15.262
feb. 19,11,Villa Ortuzar,14.907,15.373,15.496
feb. 19,12,Retiro,20.343,15.302,15.246
feb. 19,13,Villa Crespo,17.462,15.132,15.031
feb. 19,14,Villa Urquiza,16.526,15.093,14.901
feb. 19,15,Nueva Pompeya,22.222,15.041,14.106
feb. 19,16,Villa Pueyrredon,14.785,14.727,14.723
feb. 19,17,San Nicolás,16.181,14.719,14.678
feb. 19,18,Monserrat,28.440,14.702,14.348
ene. 19,1,Puerto Madero,23.449,25.630,25.808
ene. 19,2,Palermo,21.141,17.578,17.284
ene. 19,3,Belgrano,20.572,16.206,15.462
ene. 19,4,Nuñez,16.448,15.800,15.744
ene. 19,5,Recoleta,23.638,15.587,15.353
ene. 19,6,Chacarita,17.067,15.326,15.116
ene. 19,7,Coghlan,20.221,15.251,15.157
ene. 19,8,San Telmo,20.992,15.237,14.240
ene. 19,9,Colegiales,18.672,15.199,14.943
ene. 19,10,Retiro,17.743,14.911,14.887
ene. 19,11,Saavedra,15.490,14.880,14.654
ene. 19,12,Villa Urquiza,15.650,14.790,14.681
ene. 19,13,Villa Crespo,17.869,14.743,14.600
ene. 19,14,Almagro,16.938,14.401,14.304
ene. 19,15,Villa Ortuzar,14.590,14.375,14.396
ene. 19,16,Monserrat,25.589,14.263,13.875
ene. 19,17,Villa Pueyrredon,14.710,14.196,14.058
ene. 19,18,San Nicolás,13.078,14.084,14.142
dic. 18,1,Puerto Madero,22.900,25.300,25.514
dic. 18,2,Palermo,20.892,17.233,16.899
dic. 18,3,Belgrano,20.113,15.816,15.189
dic. 18,4,Nuñez,17.095,15.602,15.463
dic. 18,5,Recoleta,22.785,15.348,15.143
dic. 18,6,Coghlan,18.993,14.825,14.791
dic. 18,7,Retiro,17.229,14.733,14.713
dic. 18,8,Villa Urquiza,15.376,14.680,14.579
dic. 18,9,Colegiales,18.828,14.679,14.368
dic. 18,10,Villa Crespo,16.995,14.627,14.462
dic. 18,11,Chacarita,16.902,14.592,14.417
dic. 18,12,San Telmo,21.708,14.568,13.653
dic. 18,13,Saavedra,15.265,14.450,13.826
dic. 18,14,Almagro,16.816,14.210,14.116
dic. 18,15,Monserrat,21.814,14.046,13.666
dic. 18,16,Parque Chas,-,13.984,13.997
dic. 18,17,San Nicolás,12.714,13.897,13.974
dic. 18,18,Caballito,14.859,13.843,13.747
nov. 18,1,Puerto Madero,22.741,25.039,25.283
nov. 18,2,Palermo,20.969,17.010,16.601
nov. 18,3,Nuñez,17.621,15.783,15.579
nov. 18,4,Belgrano,18.871,15.511,15.144
nov. 18,5,Recoleta,22.415,15.350,15.176
nov. 18,6,Villa Real,16.671,15.086,10.847
nov. 18,7,Retiro,17.202,14.620,14.600
nov. 18,8,Coghlan,20.598,14.553,14.436
nov. 18,9,Colegiales,18.691,14.451,14.155
nov. 18,10,Villa Crespo,17.126,14.446,14.185
nov. 18,11,Villa Urquiza,15.533,14.330,14.214
nov. 18,12,Parque Chas,-,14.201,14.118
nov. 18,13,San Telmo,20.463,14.189,13.433
nov. 18,14,Saavedra,15.106,14.106,13.469
nov. 18,15,Almagro,15.429,14.057,14.007
nov. 18,16,Chacarita,17.264,14.028,13.908
nov. 18,17,Monserrat,21.138,13.852,13.440
nov. 18,18,Caballito,14.964,13.833,13.721
